{
  "env": "halfcheetah-medium-v2",
  "method": "disentangled_l1",
  "seed": 3,
  "noise_dim": 80,
  "noise_scale": 4.0,
  "noise_type": "nonlinear",
  "avg_return": -41.591295960675964,
  "std_return": 75.67727991441895,
  "normalized_score": 1.9217415869923629
}