{
  "env": "halfcheetah-medium-v2",
  "method": "disentangled_l1",
  "seed": 1,
  "noise_dim": 40,
  "noise_scale": 0.5,
  "noise_type": "nonlinear",
  "avg_return": 4101.272044203058,
  "std_return": 1045.7008030321674,
  "normalized_score": 35.291082100305324
}