{
  "env": "halfcheetah-medium-v2",
  "method": "disentangled_l1",
  "seed": 1,
  "noise_dim": 13,
  "noise_scale": 1.5,
  "noise_type": "nonlinear",
  "avg_return": 3922.5414404297467,
  "std_return": 554.4712721239955,
  "normalized_score": 33.851468507541746
}