{
  "env": "halfcheetah-medium-v2",
  "method": "plain",
  "seed": 3,
  "noise_dim": 13,
  "noise_scale": 1.0,
  "noise_type": "nonlinear",
  "avg_return": 4406.948874673741,
  "std_return": 312.71801790059766,
  "normalized_score": 37.753203924145964
}