{
  "env": "halfcheetah-medium-v2",
  "method": "plain",
  "seed": 3,
  "noise_dim": 17,
  "noise_scale": 1.0,
  "noise_type": "project",
  "avg_return": 4767.399378662814,
  "std_return": 193.25395007253758,
  "normalized_score": 40.65650886524772
}