{
  "env": "halfcheetah-medium-v2",
  "method": "raw_noisy",
  "seed": 1,
  "noise_dim": 80,
  "noise_scale": 4.0,
  "noise_type": "concat",
  "avg_return": 4232.637951326464,
  "std_return": 1065.4421721045635,
  "normalized_score": 36.34918933839441
}