{
  "env": "hopper-medium-v2",
  "method": "raw_noisy",
  "seed": 2,
  "noise_dim": 3,
  "noise_scale": 2.0,
  "noise_type": "nonlinear",
  "avg_return": 1525.1931242825335,
  "std_return": 282.78813798553915,
  "normalized_score": 47.48597617291325
}