{
  "env": "halfcheetah-medium-v2",
  "method": "disentangled_l1",
  "seed": 2,
  "noise_dim": 80,
  "noise_scale": 8.0,
  "noise_type": "nonlinear",
  "avg_return": -181.91090040422085,
  "std_return": 72.86714649333086,
  "normalized_score": 0.7915153939205496
}