{
  "env": "halfcheetah-medium-v2",
  "method": "raw_noisy",
  "seed": 2,
  "noise_dim": 8,
  "noise_scale": 1.0,
  "noise_type": "nonlinear",
  "avg_return": 3601.5854091130072,
  "std_return": 1188.9283344303494,
  "normalized_score": 31.266277971571395
}