{
  "env": "halfcheetah-medium-v2",
  "method": "plain",
  "seed": 2,
  "noise_dim": 10,
  "noise_scale": 8.0,
  "noise_type": "nonlinear",
  "avg_return": 17.595640947251347,
  "std_return": 139.36676079888974,
  "normalized_score": 2.398472024241722
}