{
  "env": "halfcheetah-medium-v2",
  "method": "raw_noisy",
  "seed": 5,
  "noise_dim": 20,
  "noise_scale": 2.0,
  "avg_return": 5344.26252921034,
  "std_return": 67.77266782496953,
  "normalized_score": 45.3029433043432
}