{
  "env": "halfcheetah-medium-v2",
  "method": "plain",
  "seed": 3,
  "noise_dim": 10,
  "noise_scale": 0.5,
  "noise_type": "nonlinear",
  "avg_return": 4396.100851927387,
  "std_return": 686.0116759137469,
  "normalized_score": 37.66582682883852
}