{
  "env": "ant-medium-v2",
  "method": "raw_noisy",
  "seed": 1,
  "noise_dim": 28,
  "noise_scale": 1.5,
  "noise_type": "nonlinear",
  "avg_return": 2528.5660232208857,
  "std_return": 1184.5823216540675,
  "normalized_score": 67.87068754240805
}