{
  "env": "halfcheetah-medium-v2",
  "method": "plain",
  "seed": 3,
  "noise_dim": 10,
  "noise_scale": 8.0,
  "noise_type": "nonlinear",
  "avg_return": -80.62488829634185,
  "std_return": 82.30947079276073,
  "normalized_score": 1.6073394145916675
}