{
  "env": "halfcheetah-medium-v2",
  "method": "disentangled_l1",
  "seed": 1,
  "noise_dim": 5,
  "noise_scale": 2.0,
  "noise_type": "nonlinear",
  "avg_return": 3592.4766553959803,
  "std_return": 1315.2766932351624,
  "normalized_score": 31.192910090596744
}