{
  "env": "halfcheetah-medium-v2",
  "method": "plain",
  "seed": 1,
  "noise_dim": 13,
  "noise_scale": 0.5,
  "noise_type": "nonlinear",
  "avg_return": 4534.478864745139,
  "std_return": 251.31144710102768,
  "normalized_score": 38.78041416859099
}