{
  "env": "halfcheetah-medium-v2",
  "method": "raw_noisy",
  "seed": 1,
  "noise_dim": 10,
  "noise_scale": 1.0,
  "noise_type": "project",
  "avg_return": 4528.179174374673,
  "std_return": 907.7430571894965,
  "normalized_score": 38.729672327540484
}