{
  "env": "halfcheetah-medium-v2",
  "method": "disentangled_l1",
  "seed": 1,
  "noise_dim": 20,
  "noise_scale": 2.0,
  "noise_type": "project",
  "avg_return": 4728.476280408525,
  "std_return": 214.72134353107694,
  "normalized_score": 40.342996684701305
}