{
  "env": "halfcheetah-medium-v2",
  "method": "raw_noisy",
  "seed": 2,
  "noise_dim": 10,
  "noise_scale": 2.0,
  "noise_type": "nonlinear",
  "avg_return": 2366.5022657208297,
  "std_return": 1057.2815762180394,
  "normalized_score": 21.31810768689151
}