{
  "env": "halfcheetah-medium-v2",
  "method": "plain",
  "seed": 3,
  "noise_dim": 10,
  "noise_scale": 1.0,
  "noise_type": "nonlinear",
  "avg_return": 4270.160361112724,
  "std_return": 415.8940173238589,
  "normalized_score": 36.65141945467633
}