{
  "env": "halfcheetah-medium-v2",
  "method": "plain",
  "seed": 3,
  "noise_dim": 40,
  "noise_scale": 2.0,
  "avg_return": 5261.897139940653,
  "std_return": 116.71377249585612,
  "normalized_score": 44.63951839857666
}