{
  "env": "halfcheetah-medium-v2",
  "method": "plain",
  "seed": 3,
  "noise_dim": 5,
  "noise_scale": 8.0,
  "noise_type": "nonlinear",
  "avg_return": 94.30033389280996,
  "std_return": 202.66898413859946,
  "normalized_score": 3.016301966411212
}