{
  "env": "halfcheetah-medium-v2",
  "method": "raw_noisy",
  "seed": 1,
  "noise_dim": 20,
  "noise_scale": 4.0,
  "noise_type": "concat",
  "avg_return": 4621.382521152293,
  "std_return": 268.94840172630586,
  "normalized_score": 39.48039325657791
}