{
  "env": "halfcheetah-medium-v2",
  "method": "raw_noisy",
  "seed": 1,
  "noise_dim": 10,
  "noise_scale": 1.0,
  "noise_type": "nonlinear",
  "avg_return": 4093.4977175088743,
  "std_return": 639.3864021844746,
  "normalized_score": 35.22846257042489
}