{
  "env": "halfcheetah-medium-v2",
  "method": "plain",
  "seed": 3,
  "noise_dim": 20,
  "noise_scale": 4.0,
  "noise_type": "nonlinear",
  "avg_return": 13.374412336971478,
  "std_return": 185.73608676167623,
  "normalized_score": 2.3644714784077867
}