{
  "env": "halfcheetah-medium-v2",
  "method": "raw_noisy",
  "seed": 3,
  "noise_dim": 34,
  "noise_scale": 1.0,
  "noise_type": "concat",
  "avg_return": 4491.247703586625,
  "std_return": 1004.3450768591174,
  "normalized_score": 38.43220202181345
}