{
  "env": "halfcheetah-medium-v2",
  "method": "plain",
  "seed": 2,
  "noise_dim": 4,
  "noise_scale": 1.0,
  "noise_type": "nonlinear",
  "avg_return": 4369.514105862521,
  "std_return": 370.2178638719474,
  "normalized_score": 37.451679725800254
}