{
  "env": "halfcheetah-medium-v2",
  "method": "plain",
  "seed": 5,
  "noise_dim": 40,
  "noise_scale": 1.0,
  "noise_type": "nonlinear",
  "avg_return": 2660.859451689875,
  "std_return": 1278.4517927060479,
  "normalized_score": 23.689053664258328
}