{
  "env": "halfcheetah-medium-v2",
  "method": "raw_noisy",
  "seed": 1,
  "noise_dim": 17,
  "noise_scale": 1.0,
  "noise_type": "project",
  "avg_return": 4712.18808449643,
  "std_return": 219.44181778482798,
  "normalized_score": 40.21180086405501
}