{
  "env": "halfcheetah-medium-v2",
  "method": "plain",
  "seed": 1,
  "noise_dim": 4,
  "noise_scale": 1.5,
  "noise_type": "nonlinear",
  "avg_return": 4209.109021861492,
  "std_return": 405.2662227281288,
  "normalized_score": 36.159671897252046
}