{
  "env": "halfcheetah-medium-v2",
  "method": "raw_noisy",
  "seed": 1,
  "noise_dim": 8,
  "noise_scale": 2.0,
  "noise_type": "nonlinear",
  "avg_return": 2812.3599208482924,
  "std_return": 1389.2866875986867,
  "normalized_score": 24.90933788031313
}