{
  "env": "halfcheetah-medium-v2",
  "method": "raw_noisy",
  "seed": 1,
  "noise_dim": 20,
  "noise_scale": 1.0,
  "noise_type": "nonlinear",
  "avg_return": 1250.1865880886878,
  "std_return": 1006.397102706027,
  "normalized_score": 12.326568524563156
}