{
  "env": "halfcheetah-medium-v2",
  "method": "disentangled_l1",
  "seed": 1,
  "noise_dim": 34,
  "noise_scale": 2.0,
  "noise_type": "concat",
  "avg_return": 4078.9070870388327,
  "std_return": 1093.423700579212,
  "normalized_score": 35.11094005604731
}