{
  "env": "halfcheetah-medium-v2",
  "method": "disentangled_l1",
  "seed": 2,
  "noise_dim": 4,
  "noise_scale": 2.0,
  "noise_type": "nonlinear",
  "avg_return": 3709.4887457102113,
  "std_return": 1315.2707583448491,
  "normalized_score": 32.135402266965706
}