{
  "env": "halfcheetah-medium-v2",
  "method": "plain",
  "seed": 3,
  "noise_dim": 40,
  "noise_scale": 8.0,
  "noise_type": "nonlinear",
  "avg_return": -142.6799551028341,
  "std_return": 76.59122739460747,
  "normalized_score": 1.107507176639936
}