{
  "env": "hopper-medium-v2",
  "method": "raw_noisy",
  "seed": 2,
  "noise_dim": 6,
  "noise_scale": 1.5,
  "noise_type": "nonlinear",
  "avg_return": 1412.9876580204957,
  "std_return": 484.8878531171648,
  "normalized_score": 44.03835062501386
}