{
  "env": "halfcheetah-medium-v2",
  "method": "raw_noisy",
  "seed": 2,
  "noise_dim": 13,
  "noise_scale": 1.5,
  "noise_type": "nonlinear",
  "avg_return": 2645.6361988947847,
  "std_return": 997.5071941735962,
  "normalized_score": 23.56643559445264
}