{
  "env": "halfcheetah-medium-v2",
  "method": "plain",
  "seed": 1,
  "noise_dim": 17,
  "noise_scale": 2.0,
  "noise_type": "nonlinear",
  "avg_return": 1731.4056701087125,
  "std_return": 614.1714468324461,
  "normalized_score": 16.20262285967802
}