{
  "env": "hopper-medium-v2",
  "method": "raw_noisy",
  "seed": 2,
  "noise_dim": 6,
  "noise_scale": 2.0,
  "noise_type": "nonlinear",
  "avg_return": 1272.0592408711914,
  "std_return": 329.74035665443324,
  "normalized_score": 39.70818358792589
}