{
  "env": "halfcheetah-medium-v2",
  "method": "raw_noisy",
  "seed": 2,
  "noise_dim": 10,
  "noise_scale": 4.0,
  "noise_type": "nonlinear",
  "avg_return": 364.2355289868185,
  "std_return": 418.06620621599814,
  "normalized_score": 5.190537199877432
}