{
  "env": "ant-medium-v2",
  "method": "raw_noisy",
  "seed": 1,
  "noise_dim": 28,
  "noise_scale": 2.0,
  "noise_type": "nonlinear",
  "avg_return": 2343.0002158299767,
  "std_return": 1254.0698676814511,
  "normalized_score": 63.458022396261306
}