{
  "env": "halfcheetah-medium-v2",
  "method": "plain",
  "seed": 5,
  "noise_dim": 20,
  "noise_scale": 4.0,
  "noise_type": "nonlinear",
  "avg_return": 39.45084708144173,
  "std_return": 138.24311996468256,
  "normalized_score": 2.5745081991283456
}