{
  "env": "halfcheetah-medium-v2",
  "method": "disentangled_l1",
  "seed": 5,
  "noise_dim": 20,
  "noise_scale": 2.0,
  "noise_type": "nonlinear",
  "avg_return": 1126.3589756296487,
  "std_return": 604.9175309426139,
  "normalized_score": 11.329179659466556
}