{
  "env": "halfcheetah-medium-v2",
  "method": "plain",
  "seed": 3,
  "noise_dim": 20,
  "noise_scale": 2.0,
  "noise_type": "nonlinear",
  "avg_return": 1498.4606765931999,
  "std_return": 642.4713992993417,
  "normalized_score": 14.326330988273108
}