{
  "env": "halfcheetah-medium-v2",
  "method": "disentangled_l1",
  "seed": 3,
  "noise_dim": 10,
  "noise_scale": 2.0,
  "noise_type": "nonlinear",
  "avg_return": 2694.0106664853156,
  "std_return": 1025.1543171152648,
  "normalized_score": 23.95607530704689
}