{
  "env": "halfcheetah-medium-v2",
  "method": "plain",
  "seed": 1,
  "noise_dim": 17,
  "noise_scale": 1.0,
  "noise_type": "concat",
  "avg_return": 4408.4029272429125,
  "std_return": 915.2827029642073,
  "normalized_score": 37.76491581790663
}