{
  "env": "hopper-medium-v2",
  "method": "raw_noisy",
  "seed": 2,
  "noise_dim": 8,
  "noise_scale": 1.5,
  "noise_type": "nonlinear",
  "avg_return": 1384.4069818470693,
  "std_return": 430.0465670429554,
  "normalized_score": 43.16018066917918
}