{
  "env": "halfcheetah-medium-v2",
  "method": "disentangled_l1",
  "seed": 2,
  "noise_dim": 34,
  "noise_scale": 1.0,
  "noise_type": "project",
  "avg_return": 4084.698862770946,
  "std_return": 1547.0739692716825,
  "normalized_score": 35.157590819230336
}