{
  "env": "halfcheetah-medium-v2",
  "method": "plain",
  "seed": 1,
  "noise_dim": 80,
  "noise_scale": 2.0,
  "noise_type": "nonlinear",
  "avg_return": 427.30340288548894,
  "std_return": 192.98286426356842,
  "normalized_score": 5.698527250906303
}