Rank,Method,Global Mean,Hard Mean,Drop % (↓),Win Rate,Composite Score
1,HSIC,35.52526360801931,28.622361847015824,24.397277211589095,0.75,0.9999999999999999
2,Barlow,34.725603233785144,28.011841521634548,24.812032156921088,0.6875,0.8305311182615392
3,dCor,33.97668772656841,25.97234528623383,28.038460846244178,0.5,0.4578286109609543
4,Covariance,33.85929190149473,24.702679011928183,29.954049115747495,0.5625,0.35153859975255913
5,InfoNCE,33.61557969581135,24.750034810457112,26.270364102778544,0.4375,0.32402796291185093
6,L1,32.79265172137153,23.916128742155287,37.618575075086106,0.4375,0.0
