{
  "env": "halfcheetah-medium-v2",
  "method": "plain",
  "seed": 3,
  "noise_dim": 4,
  "noise_scale": 0.5,
  "noise_type": "nonlinear",
  "avg_return": 4507.229456762371,
  "std_return": 309.66404158174504,
  "normalized_score": 38.560929551527266
}