{
  "env": "halfcheetah-medium-v2",
  "method": "plain",
  "seed": 1,
  "noise_dim": 8,
  "noise_scale": 1.0,
  "noise_type": "nonlinear",
  "avg_return": 4442.313591059945,
  "std_return": 242.19642139018416,
  "normalized_score": 38.03805456158006
}