{
  "env": "halfcheetah-medium-v2",
  "method": "plain",
  "seed": 1,
  "noise_dim": 10,
  "noise_scale": 1.0,
  "noise_type": "concat",
  "avg_return": 4687.237279336021,
  "std_return": 200.73110529865005,
  "normalized_score": 40.01083070281234
}