{
  "env": "halfcheetah-medium-v2",
  "method": "raw_noisy",
  "seed": 3,
  "noise_dim": 10,
  "noise_scale": 1.0,
  "noise_type": "nonlinear",
  "avg_return": 3180.5221255304655,
  "std_return": 1705.4173076289285,
  "normalized_score": 27.874757920377963
}