{
  "env": "halfcheetah-medium-v2",
  "method": "raw_noisy",
  "seed": 1,
  "noise_dim": 4,
  "noise_scale": 2.0,
  "noise_type": "nonlinear",
  "avg_return": 3344.1945951063585,
  "std_return": 1006.6191453308818,
  "normalized_score": 29.19308341689723
}