{
  "env": "halfcheetah-medium-v2",
  "method": "disentangled_l1",
  "seed": 2,
  "noise_dim": 17,
  "noise_scale": 2.0,
  "noise_type": "concat",
  "avg_return": 4691.465759642118,
  "std_return": 263.78827404846436,
  "normalized_score": 40.04488965856405
}