{
  "env": "halfcheetah-medium-v2",
  "method": "plain",
  "seed": 3,
  "noise_dim": 4,
  "noise_scale": 2.0,
  "noise_type": "nonlinear",
  "avg_return": 3672.828482151783,
  "std_return": 1358.8774555951477,
  "normalized_score": 31.840116442273107
}