{
  "env": "halfcheetah-medium-v2",
  "method": "plain",
  "seed": 1,
  "noise_dim": 34,
  "noise_scale": 2.0,
  "noise_type": "concat",
  "avg_return": 4799.26106609197,
  "std_return": 141.22754278574456,
  "normalized_score": 40.91314380824592
}