{
  "env": "halfcheetah-medium-v2",
  "method": "disentangled_cov",
  "seed": 3,
  "noise_dim": 34,
  "noise_scale": 2.0,
  "noise_type": "concat",
  "avg_return": 4765.0114937063845,
  "std_return": 127.98018240476482,
  "normalized_score": 40.637275272518444
}