{
  "env": "halfcheetah-medium-v2",
  "method": "raw_noisy",
  "seed": 5,
  "noise_dim": 20,
  "noise_scale": 2.0,
  "noise_type": "nonlinear",
  "avg_return": 1323.3774668492022,
  "std_return": 952.6406506446377,
  "normalized_score": 12.916095900991575
}