{
  "env": "halfcheetah-medium-v2",
  "method": "plain",
  "seed": 5,
  "noise_dim": 10,
  "noise_scale": 4.0,
  "noise_type": "nonlinear",
  "avg_return": 213.07886094280337,
  "std_return": 281.25056811490253,
  "normalized_score": 3.973022183652155
}