{
  "env": "halfcheetah-medium-v2",
  "method": "disentangled_l1",
  "seed": 3,
  "noise_dim": 17,
  "noise_scale": 1.5,
  "noise_type": "nonlinear",
  "avg_return": 3166.8760608378952,
  "std_return": 781.9619301009463,
  "normalized_score": 27.764843558738633
}