{
  "env": "halfcheetah-medium-v2",
  "method": "plain",
  "seed": 3,
  "noise_dim": 10,
  "noise_scale": 4.0,
  "noise_type": "nonlinear",
  "avg_return": 315.3850180726355,
  "std_return": 183.07728522448986,
  "normalized_score": 4.797063121903076
}