{
  "env": "halfcheetah-medium-v2",
  "method": "plain",
  "seed": 5,
  "noise_dim": 20,
  "noise_scale": 1.0,
  "noise_type": "nonlinear",
  "avg_return": 3996.3454493209842,
  "std_return": 427.62079970179497,
  "normalized_score": 34.44593443647147
}