{
  "env": "halfcheetah-medium-v2",
  "method": "raw_noisy",
  "seed": 2,
  "noise_dim": 80,
  "noise_scale": 2.0,
  "noise_type": "nonlinear",
  "avg_return": 488.2573353476747,
  "std_return": 272.28494563175667,
  "normalized_score": 6.189490230118592
}