{
  "env": "halfcheetah-medium-v2",
  "method": "raw_noisy",
  "seed": 3,
  "noise_dim": 40,
  "noise_scale": 4.0,
  "noise_type": "nonlinear",
  "avg_return": -25.86090334909138,
  "std_return": 137.93496940283356,
  "normalized_score": 2.0484444937417132
}