{
  "env": "halfcheetah-medium-v2",
  "method": "raw_noisy",
  "seed": 3,
  "noise_dim": 17,
  "noise_scale": 1.5,
  "noise_type": "nonlinear",
  "avg_return": 2309.052284793989,
  "std_return": 972.3458025872891,
  "normalized_score": 20.855367833166255
}