{
  "env": "halfcheetah-medium-v2",
  "method": "raw_noisy",
  "seed": 1,
  "noise_dim": 80,
  "noise_scale": 4.0,
  "noise_type": "nonlinear",
  "avg_return": -5.2857940289895025,
  "std_return": 127.84343021376002,
  "normalized_score": 2.21416992869511
}