{
  "env": "halfcheetah-medium-v2",
  "method": "raw_noisy",
  "seed": 5,
  "noise_dim": 40,
  "noise_scale": 2.0,
  "noise_type": "nonlinear",
  "avg_return": 654.7603845470562,
  "std_return": 420.18698698771243,
  "normalized_score": 7.530615072778614
}