{
  "env": "halfcheetah-medium-v2",
  "method": "raw_noisy",
  "seed": 2,
  "noise_dim": 10,
  "noise_scale": 8.0,
  "noise_type": "nonlinear",
  "avg_return": 22.007242863722645,
  "std_return": 193.1051629395886,
  "normalized_score": 2.4340059616353935
}