{
  "env": "halfcheetah-medium-v2",
  "method": "disentangled_cov",
  "seed": 3,
  "noise_dim": 40,
  "noise_scale": 4.0,
  "noise_type": "nonlinear",
  "avg_return": 45.532741634614105,
  "std_return": 135.45453160007585,
  "normalized_score": 2.6234957697159023
}