{
  "env": "hopper-medium-v2",
  "method": "raw_noisy",
  "seed": 1,
  "noise_dim": 4,
  "noise_scale": 1.0,
  "noise_type": "nonlinear",
  "avg_return": 1487.0331422866152,
  "std_return": 299.34101792782343,
  "normalized_score": 46.313472432950455
}