Method,Env,mean,std,n
true_only,hopper-medium-v2,41.74685102191725,6.971914642516539,3
