{
  "env": "halfcheetah-medium-v2",
  "method": "disentangled_l1",
  "seed": 1,
  "noise_dim": 80,
  "noise_scale": 4.0,
  "noise_type": "project",
  "avg_return": 2858.9517863969127,
  "std_return": 964.8350807583967,
  "normalized_score": 25.28461934604957
}