{
  "env": "halfcheetah-medium-v2",
  "method": "plain",
  "seed": 3,
  "noise_dim": 40,
  "noise_scale": 4.0,
  "noise_type": "nonlinear",
  "avg_return": 33.02734674944355,
  "std_return": 128.9938650668244,
  "normalized_score": 2.5227691113849025
}