{
  "env": "halfcheetah-medium-v2",
  "method": "plain",
  "seed": 3,
  "noise_dim": 80,
  "noise_scale": 8.0,
  "noise_type": "nonlinear",
  "avg_return": -146.0399630485076,
  "std_return": 64.37149235639325,
  "normalized_score": 1.0804434673016057
}