{
  "env": "ant-medium-v2",
  "method": "raw_noisy",
  "seed": 2,
  "noise_dim": 28,
  "noise_scale": 2.0,
  "noise_type": "nonlinear",
  "avg_return": 2551.146869320421,
  "std_return": 1211.3924706908122,
  "normalized_score": 68.40764914085608
}