{
  "env": "hopper-medium-v2",
  "method": "raw_noisy",
  "seed": 2,
  "noise_dim": 4,
  "noise_scale": 0.5,
  "noise_type": "nonlinear",
  "avg_return": 1504.5946351269654,
  "std_return": 303.13680492564555,
  "normalized_score": 46.85306692324247
}