{
  "env": "halfcheetah-medium-v2",
  "method": "plain",
  "seed": 2,
  "noise_dim": 80,
  "noise_scale": 8.0,
  "noise_type": "nonlinear",
  "avg_return": -101.44215472316668,
  "std_return": 99.37548896720007,
  "normalized_score": 1.4396634873607148
}