{
  "env": "halfcheetah-medium-v2",
  "method": "plain",
  "seed": 3,
  "noise_dim": 40,
  "noise_scale": 1.0,
  "noise_type": "nonlinear",
  "avg_return": 3487.0173070834267,
  "std_return": 677.2205112143303,
  "normalized_score": 30.343471280960653
}