{
  "env": "halfcheetah-medium-v2",
  "method": "plain",
  "seed": 3,
  "noise_dim": 17,
  "noise_scale": 1.0,
  "noise_type": "concat",
  "avg_return": 4770.73895033424,
  "std_return": 113.51949515730048,
  "normalized_score": 40.683407967419896
}