{
  "env": "halfcheetah-medium-v2",
  "method": "raw_noisy",
  "seed": 2,
  "noise_dim": 17,
  "noise_scale": 1.0,
  "noise_type": "project",
  "avg_return": 4689.468186361963,
  "std_return": 240.05262019499895,
  "normalized_score": 40.02879989225687
}