{
  "env": "halfcheetah-medium-v2",
  "method": "plain",
  "seed": 2,
  "noise_dim": 20,
  "noise_scale": 0.5,
  "noise_type": "nonlinear",
  "avg_return": 4291.540393129491,
  "std_return": 855.3463425856587,
  "normalized_score": 36.823628265340325
}