{
  "env": "halfcheetah-medium-v2",
  "method": "raw_noisy_riql",
  "seed": 1,
  "noise_dim": 17,
  "noise_scale": 1.0,
  "noise_type": "nonlinear",
  "avg_return": 3488.8434738779324,
  "std_return": 1106.4561330965118,
  "normalized_score": 30.358180426929625
}