{
  "env": "ant-medium-v2",
  "method": "raw_noisy",
  "seed": 3,
  "noise_dim": 83,
  "noise_scale": 1.5,
  "noise_type": "nonlinear",
  "avg_return": 1578.6232982845863,
  "std_return": 951.468303870789,
  "normalized_score": 45.281509007314256
}