{
  "env": "halfcheetah-medium-v2",
  "method": "plain",
  "seed": 2,
  "noise_dim": 40,
  "noise_scale": 0.5,
  "noise_type": "nonlinear",
  "avg_return": 4342.207202249707,
  "std_return": 684.4705717696618,
  "normalized_score": 37.23173200119483
}