{
  "env": "halfcheetah-medium-v2",
  "method": "plain",
  "seed": 3,
  "noise_dim": 5,
  "noise_scale": 2.0,
  "noise_type": "nonlinear",
  "avg_return": 3337.2656244868135,
  "std_return": 1266.957338534916,
  "normalized_score": 29.137272939692068
}