{
  "env": "halfcheetah-medium-v2",
  "method": "disentangled_l1",
  "seed": 1,
  "noise_dim": 40,
  "noise_scale": 2.0,
  "noise_type": "nonlinear",
  "avg_return": 284.41184204111534,
  "std_return": 293.75774084208825,
  "normalized_score": 4.547584832876596
}