{
  "env": "halfcheetah-medium-v2",
  "method": "disentangled_l1",
  "seed": 1,
  "noise_dim": 40,
  "noise_scale": 2.0,
  "noise_type": "concat",
  "avg_return": 1961.8343282688886,
  "std_return": 2021.3938543696095,
  "normalized_score": 18.05864651453235
}