{
  "env": "halfcheetah-medium-v2",
  "method": "disentangled_l1",
  "seed": 3,
  "noise_dim": 8,
  "noise_scale": 0.5,
  "noise_type": "nonlinear",
  "avg_return": 4568.7373158314385,
  "std_return": 326.90396638767726,
  "normalized_score": 39.056354219201545
}