{
  "env": "halfcheetah-medium-v2",
  "method": "plain",
  "seed": 3,
  "noise_dim": 34,
  "noise_scale": 2.0,
  "noise_type": "project",
  "avg_return": 4792.461675211462,
  "std_return": 154.62168702440454,
  "normalized_score": 40.85837705130871
}