{
  "env": "halfcheetah-medium-v2",
  "method": "raw_noisy",
  "seed": 3,
  "noise_dim": 10,
  "noise_scale": 4.0,
  "noise_type": "nonlinear",
  "avg_return": 295.3113086204222,
  "std_return": 433.66388415082326,
  "normalized_score": 4.635376290579854
}