{
  "env": "halfcheetah-medium-v2",
  "method": "raw_noisy",
  "seed": 1,
  "noise_dim": 40,
  "noise_scale": 4.0,
  "noise_type": "nonlinear",
  "avg_return": 26.093433692994324,
  "std_return": 178.4791888279316,
  "normalized_score": 2.466918824548934
}