{
  "env": "halfcheetah-medium-v2",
  "method": "disentangled_l1",
  "seed": 5,
  "noise_dim": 10,
  "noise_scale": 2.0,
  "noise_type": "nonlinear",
  "avg_return": 3151.2290879673174,
  "std_return": 1136.295553621586,
  "normalized_score": 27.638812569335965
}