{
  "env": "halfcheetah-medium-v2",
  "method": "plain",
  "seed": 1,
  "noise_dim": 17,
  "noise_scale": 1.0,
  "noise_type": "project",
  "avg_return": 4799.23467037197,
  "std_return": 185.24806716566061,
  "normalized_score": 40.91293119979218
}