{
  "env": "halfcheetah-medium-v2",
  "method": "raw_noisy",
  "seed": 3,
  "noise_dim": 40,
  "noise_scale": 8.0,
  "noise_type": "nonlinear",
  "avg_return": -124.88789300537942,
  "std_return": 95.56555607916025,
  "normalized_score": 1.2508161226068841
}