{
  "env": "ant-medium-v2",
  "method": "raw_noisy",
  "seed": 3,
  "noise_dim": 111,
  "noise_scale": 1.5,
  "noise_type": "nonlinear",
  "avg_return": 1791.1189897301986,
  "std_return": 946.3109505419598,
  "normalized_score": 50.33455377096042
}