{
  "env": "halfcheetah-medium-v2",
  "method": "disentangled_l1",
  "seed": 2,
  "noise_dim": 8,
  "noise_scale": 1.0,
  "noise_type": "nonlinear",
  "avg_return": 4478.4733162284265,
  "std_return": 329.28793369470094,
  "normalized_score": 38.329308721551264
}