{
  "env": "halfcheetah-medium-v2",
  "method": "plain",
  "seed": 5,
  "noise_dim": 5,
  "noise_scale": 8.0,
  "noise_type": "nonlinear",
  "avg_return": 25.646259298954703,
  "std_return": 162.722304401961,
  "normalized_score": 2.4633169884760715
}