{
  "env": "hopper-medium-v2",
  "method": "raw_noisy",
  "seed": 2,
  "noise_dim": 4,
  "noise_scale": 1.5,
  "noise_type": "nonlinear",
  "avg_return": 1294.6625263845926,
  "std_return": 421.6613696768478,
  "normalized_score": 40.402692217483015
}