{
  "env": "halfcheetah-medium-v2",
  "method": "disentangled_l1",
  "seed": 3,
  "noise_dim": 20,
  "noise_scale": 4.0,
  "noise_type": "nonlinear",
  "avg_return": 58.922300135138286,
  "std_return": 172.80212796349895,
  "normalized_score": 2.7313440621264498
}