{
  "env": "hopper-medium-v2",
  "method": "raw_noisy",
  "seed": 2,
  "noise_dim": 6,
  "noise_scale": 0.5,
  "noise_type": "nonlinear",
  "avg_return": 1239.5452927079984,
  "std_return": 294.6960180136579,
  "normalized_score": 38.7091599032088
}