{
  "env": "halfcheetah-medium-v2",
  "method": "plain",
  "seed": 1,
  "noise_dim": 20,
  "noise_scale": 2.0,
  "noise_type": "concat",
  "avg_return": 4774.309253142119,
  "std_return": 149.5406102510432,
  "normalized_score": 40.71216552960562
}