{
  "env": "ant-medium-v2",
  "method": "raw_noisy",
  "seed": 2,
  "noise_dim": 83,
  "noise_scale": 1.5,
  "noise_type": "nonlinear",
  "avg_return": 1786.293817167859,
  "std_return": 1177.6184337846728,
  "normalized_score": 50.21981350124507
}