Method,Env,mean,std,n
true_only,ant-medium-v2,85.5752944935607,1.7396804196189704,3
