{
  "env": "halfcheetah-medium-v2",
  "method": "plain",
  "seed": 2,
  "noise_dim": 8,
  "noise_scale": 1.5,
  "noise_type": "nonlinear",
  "avg_return": 3822.598201263877,
  "std_return": 1024.4398167042964,
  "normalized_score": 33.046460061475656
}