{
  "env": "halfcheetah-medium-v2",
  "method": "plain",
  "seed": 1,
  "noise_dim": 10,
  "noise_scale": 4.0,
  "noise_type": "project",
  "avg_return": 4590.837562235033,
  "std_return": 700.0791920579944,
  "normalized_score": 39.23436410925032
}