{
  "env": "halfcheetah-medium-v2",
  "method": "raw_noisy",
  "seed": 5,
  "noise_dim": 20,
  "noise_scale": 1.0,
  "noise_type": "nonlinear",
  "avg_return": 3572.109517704355,
  "std_return": 636.3343787806648,
  "normalized_score": 31.028859795641438
}