{
  "env": "halfcheetah-medium-v2",
  "method": "raw_noisy",
  "seed": 2,
  "noise_dim": 17,
  "noise_scale": 1.5,
  "noise_type": "nonlinear",
  "avg_return": 2978.796220966741,
  "std_return": 1047.0458125721213,
  "normalized_score": 26.24992508206451
}