{
  "env": "halfcheetah-medium-v2",
  "method": "plain",
  "seed": 2,
  "noise_dim": 10,
  "noise_scale": 4.0,
  "noise_type": "nonlinear",
  "avg_return": 312.98879212919246,
  "std_return": 230.2662039468516,
  "normalized_score": 4.777762345389791
}