{
  "env": "halfcheetah-medium-v2",
  "method": "raw_noisy",
  "seed": 3,
  "noise_dim": 20,
  "noise_scale": 1.0,
  "noise_type": "nonlinear",
  "avg_return": 3465.6812646681487,
  "std_return": 1213.2152109550375,
  "normalized_score": 30.17161679141967
}