{
  "env": "halfcheetah-medium-v2",
  "method": "disentangled_l1",
  "seed": 2,
  "noise_dim": 34,
  "noise_scale": 2.0,
  "noise_type": "project",
  "avg_return": 3990.474490397064,
  "std_return": 1459.7789370018515,
  "normalized_score": 34.39864587988966
}