{
  "env": "halfcheetah-medium-v2",
  "method": "plain",
  "seed": 1,
  "noise_dim": 8,
  "noise_scale": 2.0,
  "noise_type": "nonlinear",
  "avg_return": 3423.7358069360366,
  "std_return": 652.7852564909905,
  "normalized_score": 29.833760543910838
}