{
  "env": "halfcheetah-medium-v2",
  "method": "disentangled_l1",
  "seed": 3,
  "noise_dim": 17,
  "noise_scale": 1.0,
  "noise_type": "concat",
  "avg_return": 4010.1964905159025,
  "std_return": 1143.5543219877538,
  "normalized_score": 34.55749981339719
}