{
  "env": "halfcheetah-medium-v2",
  "method": "plain",
  "seed": 3,
  "noise_dim": 80,
  "noise_scale": 4.0,
  "noise_type": "nonlinear",
  "avg_return": -14.307850379131832,
  "std_return": 145.27470594575777,
  "normalized_score": 2.141500365217234
}