{
  "env": "halfcheetah-medium-v2",
  "method": "plain",
  "seed": 1,
  "noise_dim": 40,
  "noise_scale": 8.0,
  "noise_type": "nonlinear",
  "avg_return": -112.12468925332863,
  "std_return": 65.08940056172284,
  "normalized_score": 1.3536193427647918
}