{
  "env": "halfcheetah-medium-v2",
  "method": "plain",
  "seed": 1,
  "noise_dim": 10,
  "noise_scale": 8.0,
  "noise_type": "nonlinear",
  "avg_return": -94.68789816067202,
  "std_return": 95.19951018401747,
  "normalized_score": 1.4940667028766907
}