{
  "env": "hopper-medium-v2",
  "method": "raw_noisy",
  "seed": 2,
  "noise_dim": 8,
  "noise_scale": 1.0,
  "noise_type": "nonlinear",
  "avg_return": 1456.5914460498307,
  "std_return": 357.30789044978394,
  "normalized_score": 45.37812076815514
}