{
  "env": "halfcheetah-medium-v2",
  "method": "plain",
  "seed": 3,
  "noise_dim": 20,
  "noise_scale": 8.0,
  "noise_type": "nonlinear",
  "avg_return": -123.11615905208664,
  "std_return": 86.69852395792047,
  "normalized_score": 1.2650868307456877
}