{
  "env": "halfcheetah-medium-v2",
  "method": "raw_noisy",
  "seed": 3,
  "noise_dim": 34,
  "noise_scale": 2.0,
  "noise_type": "concat",
  "avg_return": 4798.238146510418,
  "std_return": 170.66789935804167,
  "normalized_score": 40.90490454254202
}