{
  "env": "halfcheetah-medium-v2",
  "method": "raw_noisy",
  "seed": 3,
  "noise_dim": 10,
  "noise_scale": 8.0,
  "noise_type": "nonlinear",
  "avg_return": -66.47735034757541,
  "std_return": 108.58266686974575,
  "normalized_score": 1.7212929709787692
}