{
  "env": "halfcheetah-medium-v2",
  "method": "plain",
  "seed": 2,
  "noise_dim": 34,
  "noise_scale": 2.0,
  "noise_type": "project",
  "avg_return": 4896.960890706813,
  "std_return": 162.44455676531686,
  "normalized_score": 41.70008232105112
}