{
  "env": "halfcheetah-medium-v2",
  "method": "raw_noisy",
  "seed": 5,
  "noise_dim": 40,
  "noise_scale": 0.5,
  "noise_type": "nonlinear",
  "avg_return": 4479.600532455423,
  "std_return": 244.9430047644481,
  "normalized_score": 38.338388060892754
}