{
  "env": "halfcheetah-medium-v2",
  "method": "plain",
  "seed": 2,
  "noise_dim": 8,
  "noise_scale": 0.5,
  "noise_type": "nonlinear",
  "avg_return": 4453.315695960323,
  "std_return": 759.6277699244775,
  "normalized_score": 38.126672735687976
}