{
  "env": "halfcheetah-medium-v2",
  "method": "disentangled_l1",
  "seed": 2,
  "noise_dim": 17,
  "noise_scale": 1.5,
  "noise_type": "nonlinear",
  "avg_return": 3093.3542843133373,
  "std_return": 928.4930996292952,
  "normalized_score": 27.172650914533598
}