{
  "env": "halfcheetah-medium-v2",
  "method": "plain",
  "seed": 2,
  "noise_dim": 17,
  "noise_scale": 1.0,
  "noise_type": "project",
  "avg_return": 4608.888209732038,
  "std_return": 415.46611918791604,
  "normalized_score": 39.37975587174799
}