{
  "env": "halfcheetah-medium-v2",
  "method": "plain",
  "seed": 2,
  "noise_dim": 10,
  "noise_scale": 1.0,
  "noise_type": "nonlinear",
  "avg_return": 4448.415630968079,
  "std_return": 273.02131535227653,
  "normalized_score": 38.0872043960789
}