{
  "env": "halfcheetah-medium-v2",
  "method": "raw_noisy",
  "seed": 3,
  "noise_dim": 20,
  "noise_scale": 4.0,
  "noise_type": "nonlinear",
  "avg_return": 115.73781946965937,
  "std_return": 242.98051965644814,
  "normalized_score": 3.188973545757793
}