{
  "env": "halfcheetah-medium-v2",
  "method": "plain",
  "seed": 2,
  "noise_dim": 40,
  "noise_scale": 1.0,
  "noise_type": "nonlinear",
  "avg_return": 3398.6204116116255,
  "std_return": 904.5830562880242,
  "normalized_score": 29.631464665458417
}