{
  "env": "halfcheetah-medium-v2",
  "method": "plain",
  "seed": 3,
  "noise_dim": 20,
  "noise_scale": 1.0,
  "avg_return": 5215.553474261105,
  "std_return": 78.32066583104859,
  "normalized_score": 44.26623609749191
}