{
  "env": "halfcheetah-medium-v2",
  "method": "plain",
  "seed": 3,
  "noise_dim": 17,
  "noise_scale": 2.0,
  "noise_type": "nonlinear",
  "avg_return": 1181.2838350699749,
  "std_return": 635.694228473119,
  "normalized_score": 11.771580527373933
}