{
  "env": "halfcheetah-medium-v2",
  "method": "plain",
  "seed": 3,
  "noise_dim": 13,
  "noise_scale": 0.5,
  "noise_type": "nonlinear",
  "avg_return": 4538.531830036127,
  "std_return": 241.73801700755644,
  "normalized_score": 38.81305941121158
}