{
  "env": "halfcheetah-medium-v2",
  "method": "plain",
  "seed": 3,
  "noise_dim": 40,
  "noise_scale": 2.0,
  "noise_type": "nonlinear",
  "avg_return": 735.2708366147859,
  "std_return": 342.49335116337375,
  "normalized_score": 8.179099096831084
}