{
  "env": "halfcheetah-medium-v2",
  "method": "raw_noisy",
  "seed": 5,
  "noise_dim": 5,
  "noise_scale": 4.0,
  "noise_type": "nonlinear",
  "avg_return": 1259.1102134562882,
  "std_return": 867.7829229229159,
  "normalized_score": 12.398445260302386
}