{
  "env": "halfcheetah-medium-v2",
  "method": "raw_noisy",
  "seed": 1,
  "noise_dim": 20,
  "noise_scale": 1.0,
  "eval_episodes": 20,
  "avg_return": 5323.818453016043,
  "std_return": 79.30393572196688,
  "normalized_score": 45.13827329618873
}