{
  "env": "halfcheetah-medium-v2",
  "method": "disentangled_l1",
  "seed": 3,
  "noise_dim": 17,
  "noise_scale": 1.0,
  "noise_type": "project",
  "avg_return": 4721.263787445305,
  "std_return": 166.05203077325606,
  "normalized_score": 40.28490253245006
}