{
  "env": "halfcheetah-medium-v2",
  "method": "raw_noisy",
  "seed": 5,
  "noise_dim": 10,
  "noise_scale": 1.0,
  "noise_type": "nonlinear",
  "avg_return": 3872.7599973509996,
  "std_return": 733.0724416404684,
  "normalized_score": 33.450496090895925
}