{
  "env": "halfcheetah-medium-v2",
  "method": "raw_noisy",
  "seed": 1,
  "noise_dim": 80,
  "noise_scale": 1.0,
  "noise_type": "project",
  "avg_return": 4496.533669771472,
  "std_return": 894.5124438574172,
  "normalized_score": 38.474778662914304
}