{
  "env": "halfcheetah-medium-v2",
  "method": "raw_noisy",
  "seed": 3,
  "noise_dim": 5,
  "noise_scale": 8.0,
  "noise_type": "nonlinear",
  "avg_return": 451.15057065471365,
  "std_return": 160.54731719585368,
  "normalized_score": 5.890607992227091
}