{
  "env": "halfcheetah-medium-v2",
  "method": "plain",
  "seed": 3,
  "noise_dim": 5,
  "noise_scale": 1.0,
  "noise_type": "nonlinear",
  "avg_return": 4425.5023738209975,
  "std_return": 349.9764335113043,
  "normalized_score": 37.90264598388183
}