{
  "env": "halfcheetah-medium-v2",
  "method": "plain",
  "seed": 1,
  "noise_dim": 20,
  "noise_scale": 4.0,
  "noise_type": "nonlinear",
  "avg_return": 61.90781282786412,
  "std_return": 131.7395302872586,
  "normalized_score": 2.755391340897284
}