{
  "env": "halfcheetah-medium-v2",
  "method": "disentangled_dcor",
  "seed": 2,
  "noise_dim": 34,
  "noise_scale": 2.0,
  "noise_type": "concat",
  "avg_return": 4490.7422961060465,
  "std_return": 1034.6650624625154,
  "normalized_score": 38.428131138240275
}