{
  "env": "halfcheetah-medium-v2",
  "method": "disentangled_barlow",
  "seed": 1,
  "noise_dim": 10,
  "noise_scale": 4.0,
  "noise_type": "concat",
  "avg_return": 4711.2959734285705,
  "std_return": 150.48288089475972,
  "normalized_score": 40.204615215976666
}