{
  "env": "halfcheetah-medium-v2",
  "method": "disentangled_l1",
  "seed": 3,
  "noise_dim": 40,
  "noise_scale": 2.0,
  "noise_type": "nonlinear",
  "avg_return": 157.73245526459394,
  "std_return": 330.88666916258586,
  "normalized_score": 3.5272259056626574
}