{
  "env": "halfcheetah-medium-v2",
  "method": "plain",
  "seed": 3,
  "noise_dim": 8,
  "noise_scale": 2.0,
  "noise_type": "nonlinear",
  "avg_return": 3201.6939279343133,
  "std_return": 924.7359852508785,
  "normalized_score": 28.04528951306783
}