{
  "env": "halfcheetah-medium-v2",
  "method": "disentangled_l1",
  "seed": 3,
  "noise_dim": 34,
  "noise_scale": 2.0,
  "noise_type": "concat",
  "avg_return": 4632.757992910296,
  "std_return": 322.92733925879804,
  "normalized_score": 39.57201877241677
}