{
  "env": "hopper-medium-v2",
  "method": "raw_noisy",
  "seed": 1,
  "noise_dim": 8,
  "noise_scale": 1.0,
  "noise_type": "nonlinear",
  "avg_return": 1612.539195197594,
  "std_return": 234.55350437290738,
  "normalized_score": 50.16977185263652
}