{
  "env": "ant-medium-v2",
  "method": "raw_noisy",
  "seed": 3,
  "noise_dim": 111,
  "noise_scale": 2.0,
  "noise_type": "nonlinear",
  "avg_return": 837.5769590699578,
  "std_return": 880.0199005363335,
  "normalized_score": 27.659785486646797
}