{
  "env": "halfcheetah-medium-v2",
  "method": "raw_noisy",
  "seed": 3,
  "noise_dim": 13,
  "noise_scale": 2.0,
  "noise_type": "nonlinear",
  "avg_return": 1915.767143556613,
  "std_return": 764.5935057826382,
  "normalized_score": 17.687591172626515
}