{
  "env": "halfcheetah-medium-v2",
  "method": "disentangled_l1",
  "seed": 1,
  "noise_dim": 17,
  "noise_scale": 1.0,
  "noise_type": "project",
  "avg_return": 4580.634106034662,
  "std_return": 294.7069674147484,
  "normalized_score": 39.152178775965986
}