{
  "env": "halfcheetah-medium-v2",
  "method": "raw_noisy",
  "seed": 3,
  "noise_dim": 13,
  "noise_scale": 1.5,
  "noise_type": "nonlinear",
  "avg_return": 3421.855877354563,
  "std_return": 650.5076627207781,
  "normalized_score": 29.818618357168376
}