{
  "env": "halfcheetah-medium-v2",
  "method": "raw_noisy",
  "seed": 1,
  "noise_dim": 40,
  "noise_scale": 1.0,
  "noise_type": "nonlinear",
  "avg_return": 2443.2747754522593,
  "std_return": 1115.7021136888231,
  "normalized_score": 21.936483869966004
}