{
  "env": "halfcheetah-medium-v2",
  "method": "disentangled_l1",
  "seed": 1,
  "noise_dim": 10,
  "noise_scale": 2.0,
  "noise_type": "concat",
  "avg_return": 4663.337289417629,
  "std_return": 310.64579950579537,
  "normalized_score": 39.81832449723231
}