{
  "env": "hopper-medium-v2",
  "method": "raw_noisy",
  "seed": 3,
  "noise_dim": 4,
  "noise_scale": 1.5,
  "noise_type": "nonlinear",
  "avg_return": 1305.4524081137183,
  "std_return": 414.0618497951353,
  "normalized_score": 40.73422216114256
}