{
  "env": "halfcheetah-medium-v2",
  "method": "raw_noisy",
  "seed": 3,
  "noise_dim": 80,
  "noise_scale": 4.0,
  "noise_type": "nonlinear",
  "avg_return": 102.10589418201656,
  "std_return": 130.88160566428417,
  "normalized_score": 3.079173072166159
}