{
  "env": "halfcheetah-medium-v2",
  "method": "disentangled_l1",
  "seed": 2,
  "noise_dim": 40,
  "noise_scale": 2.0,
  "noise_type": "nonlinear",
  "avg_return": -328.78896634919676,
  "std_return": 260.1944848021304,
  "normalized_score": -0.39153695273518924
}