{
  "env": "halfcheetah-medium-v2",
  "method": "raw_noisy",
  "seed": 2,
  "noise_dim": 34,
  "noise_scale": 1.0,
  "noise_type": "project",
  "avg_return": 4605.661948113344,
  "std_return": 213.6550358681488,
  "normalized_score": 39.35376944311165
}