{
  "env": "halfcheetah-medium-v2",
  "method": "raw_noisy_riql",
  "seed": 1,
  "noise_dim": 13,
  "noise_scale": 1.0,
  "noise_type": "nonlinear",
  "avg_return": 3313.3051063311336,
  "std_return": 1155.2338736999443,
  "normalized_score": 28.944279199961148
}