{
  "env": "halfcheetah-medium-v2",
  "method": "disentangled_l1",
  "seed": 3,
  "noise_dim": 80,
  "noise_scale": 1.0,
  "noise_type": "nonlinear",
  "avg_return": 1280.6914885898489,
  "std_return": 1269.400021423499,
  "normalized_score": 12.572275015115109
}