{
  "env": "halfcheetah-medium-v2",
  "method": "plain",
  "seed": 2,
  "noise_dim": 4,
  "noise_scale": 0.5,
  "noise_type": "nonlinear",
  "avg_return": 4414.647504032067,
  "std_return": 290.92644715577745,
  "normalized_score": 37.81521373799941
}