{
  "env": "halfcheetah-medium-v2",
  "method": "disentangled_l1",
  "seed": 5,
  "noise_dim": 10,
  "noise_scale": 4.0,
  "noise_type": "nonlinear",
  "avg_return": 202.40357026632333,
  "std_return": 261.2987725329708,
  "normalized_score": 3.8870363858082944
}