{
  "env": "hopper-medium-v2",
  "method": "raw_noisy",
  "seed": 3,
  "noise_dim": 8,
  "noise_scale": 0.5,
  "noise_type": "nonlinear",
  "avg_return": 1447.0134650702385,
  "std_return": 347.26394196199715,
  "normalized_score": 45.083827691154596
}