{
  "env": "halfcheetah-medium-v2",
  "method": "raw_noisy",
  "seed": 2,
  "noise_dim": 17,
  "noise_scale": 1.0,
  "noise_type": "nonlinear",
  "avg_return": 3810.1439244448834,
  "std_return": 1085.892736143789,
  "normalized_score": 32.94614514160103
}