{
  "env": "halfcheetah-medium-v2",
  "method": "disentangled_cov",
  "seed": 3,
  "noise_dim": 17,
  "noise_scale": 2.0,
  "noise_type": "concat",
  "avg_return": 4789.435426210768,
  "std_return": 146.15034696787842,
  "normalized_score": 40.834001655576195
}