{
  "env": "halfcheetah-medium-v2",
  "method": "plain",
  "seed": 3,
  "noise_dim": 80,
  "noise_scale": 0.5,
  "noise_type": "nonlinear",
  "avg_return": 4541.6628687719585,
  "std_return": 270.099452128622,
  "normalized_score": 38.83827885224972
}