{
  "env": "halfcheetah-medium-v2",
  "method": "plain",
  "seed": 5,
  "noise_dim": 10,
  "noise_scale": 1.0,
  "noise_type": "nonlinear",
  "avg_return": 4130.2724423939935,
  "std_return": 440.80584867596224,
  "normalized_score": 35.52467034176944
}