{
  "env": "halfcheetah-medium-v2",
  "method": "plain",
  "seed": 2,
  "noise_dim": 5,
  "noise_scale": 2.0,
  "noise_type": "nonlinear",
  "avg_return": 4026.3358644664613,
  "std_return": 415.82482360280085,
  "normalized_score": 34.68749692428586
}