{
  "env": "hopper-medium-v2",
  "method": "raw_noisy",
  "seed": 1,
  "noise_dim": 3,
  "noise_scale": 2.0,
  "noise_type": "nonlinear",
  "avg_return": 1493.3372850796272,
  "std_return": 395.12047081437044,
  "normalized_score": 46.50717354640634
}