{
  "env": "halfcheetah-medium-v2",
  "method": "plain",
  "seed": 1,
  "noise_dim": 4,
  "noise_scale": 1.0,
  "noise_type": "nonlinear",
  "avg_return": 4430.743483858386,
  "std_return": 357.91782718669714,
  "normalized_score": 37.94486132412968
}