{
  "env": "halfcheetah-medium-v2",
  "method": "plain",
  "seed": 3,
  "noise_dim": 80,
  "noise_scale": 2.0,
  "noise_type": "nonlinear",
  "avg_return": 408.26356767632126,
  "std_return": 286.21201767545324,
  "normalized_score": 5.545167921320749
}