{
  "env": "halfcheetah-medium-v2",
  "method": "plain",
  "seed": 2,
  "noise_dim": 80,
  "noise_scale": 1.0,
  "noise_type": "nonlinear",
  "avg_return": 2868.423895882181,
  "std_return": 915.5712893059479,
  "normalized_score": 25.36091393287049
}