{
  "env": "halfcheetah-medium-v2",
  "method": "plain",
  "seed": 3,
  "noise_dim": 13,
  "noise_scale": 1.5,
  "noise_type": "nonlinear",
  "avg_return": 3755.948749587068,
  "std_return": 375.2361835628445,
  "normalized_score": 32.509621632250244
}