{
  "env": "halfcheetah-medium-v2",
  "method": "raw_noisy",
  "seed": 1,
  "noise_dim": 8,
  "noise_scale": 1.5,
  "noise_type": "nonlinear",
  "avg_return": 3681.9953490446087,
  "std_return": 1064.7145434221075,
  "normalized_score": 31.91395240490827
}