{
  "env": "halfcheetah-medium-v2",
  "method": "disentangled_l1",
  "seed": 3,
  "noise_dim": 40,
  "noise_scale": 1.0,
  "noise_type": "nonlinear",
  "avg_return": 2676.004868041657,
  "std_return": 1158.9214643096823,
  "normalized_score": 23.811044788261597
}