{
  "env": "ant-medium-v2",
  "method": "raw_noisy",
  "seed": 1,
  "noise_dim": 56,
  "noise_scale": 1.5,
  "noise_type": "nonlinear",
  "avg_return": 2185.778293479978,
  "std_return": 1329.5115138467065,
  "normalized_score": 59.71936112714854
}