{
  "env": "halfcheetah-medium-v2",
  "method": "plain",
  "seed": 1,
  "noise_dim": 4,
  "noise_scale": 0.5,
  "noise_type": "nonlinear",
  "avg_return": 4547.440292721143,
  "std_return": 365.19676866197807,
  "normalized_score": 38.884814016753246
}