{
  "env": "halfcheetah-medium-v2",
  "method": "plain",
  "seed": 2,
  "noise_dim": 17,
  "noise_scale": 2.0,
  "noise_type": "project",
  "avg_return": 4777.431963302666,
  "std_return": 229.51557448020168,
  "normalized_score": 40.73731788683196
}