{
  "env": "halfcheetah-medium-v2",
  "method": "disentangled_cov",
  "seed": 2,
  "noise_dim": 34,
  "noise_scale": 2.0,
  "noise_type": "concat",
  "avg_return": 4721.268322386724,
  "std_return": 236.78716064033753,
  "normalized_score": 40.284939059844774
}