{
  "env": "halfcheetah-medium-v2",
  "method": "plain",
  "seed": 5,
  "noise_dim": 80,
  "noise_scale": 1.0,
  "noise_type": "nonlinear",
  "avg_return": 2989.905021325024,
  "std_return": 531.2922963320959,
  "normalized_score": 26.339402651420034
}