{
  "env": "halfcheetah-medium-v2",
  "method": "disentangled_l1",
  "seed": 2,
  "noise_dim": 20,
  "noise_scale": 0.5,
  "noise_type": "nonlinear",
  "avg_return": 3963.5398506040124,
  "std_return": 1065.888282587476,
  "normalized_score": 34.181696612424275
}