{
  "env": "halfcheetah-medium-v2",
  "method": "raw_noisy",
  "seed": 2,
  "noise_dim": 17,
  "noise_scale": 2.0,
  "noise_type": "nonlinear",
  "avg_return": 1729.7840493654944,
  "std_return": 1037.174897203337,
  "normalized_score": 16.18956126186008
}