{
  "env": "halfcheetah-medium-v2",
  "method": "raw_noisy",
  "seed": 5,
  "noise_dim": 80,
  "noise_scale": 4.0,
  "noise_type": "nonlinear",
  "avg_return": -7.478899704756282,
  "std_return": 125.13048392992141,
  "normalized_score": 2.196505216135838
}