{
  "env": "halfcheetah-medium-v2",
  "method": "raw_noisy",
  "seed": 5,
  "noise_dim": 10,
  "noise_scale": 0.5,
  "noise_type": "nonlinear",
  "avg_return": 4124.3611009148435,
  "std_return": 1152.7798095944318,
  "normalized_score": 35.4770565175827
}