{
  "env": "halfcheetah-medium-v2",
  "method": "plain",
  "seed": 4,
  "noise_dim": 20,
  "noise_scale": 2.0,
  "avg_return": 5282.298346949123,
  "std_return": 103.08992303198379,
  "normalized_score": 44.80384311017126
}