{
  "env": "halfcheetah-medium-v2",
  "method": "raw_noisy",
  "seed": 2,
  "noise_dim": 40,
  "noise_scale": 1.0,
  "noise_type": "nonlinear",
  "avg_return": 3198.9477352492095,
  "std_return": 918.7648578702622,
  "normalized_score": 28.02316987471626
}