{
  "env": "halfcheetah-medium-v2",
  "method": "raw_noisy",
  "seed": 5,
  "noise_dim": 10,
  "noise_scale": 2.0,
  "noise_type": "nonlinear",
  "avg_return": 1828.774890044122,
  "std_return": 1003.3898795679111,
  "normalized_score": 16.986898465402426
}