{
  "env": "ant-medium-v2",
  "method": "raw_noisy",
  "seed": 1,
  "noise_dim": 111,
  "noise_scale": 1.5,
  "noise_type": "nonlinear",
  "avg_return": 1033.1599544960443,
  "std_return": 878.953460339501,
  "normalized_score": 32.31065451920301
}