{
  "env": "halfcheetah-medium-v2",
  "method": "plain",
  "seed": 1,
  "noise_dim": 40,
  "noise_scale": 4.0,
  "avg_return": 5379.520625789675,
  "std_return": 86.99669353560915,
  "normalized_score": 45.58693515587278
}