{
  "env": "halfcheetah-medium-v2",
  "method": "plain",
  "seed": 3,
  "noise_dim": 20,
  "noise_scale": 1.0,
  "noise_type": "nonlinear",
  "avg_return": 4177.325596489696,
  "std_return": 652.9513907711657,
  "normalized_score": 35.90366732823119
}