{
  "env": "halfcheetah-medium-v2",
  "method": "raw_noisy",
  "seed": 5,
  "noise_dim": 40,
  "noise_scale": 1.0,
  "noise_type": "nonlinear",
  "avg_return": 3191.5719174499054,
  "std_return": 933.8729612999329,
  "normalized_score": 27.96376019703681
}