{
  "env": "halfcheetah-medium-v2",
  "method": "plain",
  "seed": 3,
  "noise_dim": 40,
  "noise_scale": 1.0,
  "avg_return": 5243.175086643854,
  "std_return": 96.76309303403774,
  "normalized_score": 44.48871869308974
}