{
  "env": "halfcheetah-medium-v2",
  "method": "disentangled_l1",
  "seed": 1,
  "noise_dim": 40,
  "noise_scale": 2.0,
  "noise_type": "project",
  "avg_return": 4035.3492615085634,
  "std_return": 1469.9479253823047,
  "normalized_score": 34.76009674001324
}