{
  "env": "halfcheetah-medium-v2",
  "method": "raw_noisy",
  "seed": 1,
  "noise_dim": 17,
  "noise_scale": 2.0,
  "noise_type": "nonlinear",
  "avg_return": 1261.669100023682,
  "std_return": 712.5847528835768,
  "normalized_score": 12.419056212243403
}