{
  "env": "halfcheetah-medium-v2",
  "method": "disentangled_l1",
  "seed": 5,
  "noise_dim": 80,
  "noise_scale": 1.0,
  "noise_type": "nonlinear",
  "avg_return": 1957.2952091893615,
  "std_return": 1154.8169252309424,
  "normalized_score": 18.022085470211437
}