{
  "env": "halfcheetah-medium-v2",
  "method": "plain",
  "seed": 5,
  "noise_dim": 5,
  "noise_scale": 0.5,
  "noise_type": "nonlinear",
  "avg_return": 4557.903992988181,
  "std_return": 334.64626295360034,
  "normalized_score": 38.96909552656192
}