{
  "env": "halfcheetah-medium-v2",
  "method": "plain",
  "seed": 5,
  "noise_dim": 10,
  "noise_scale": 2.0,
  "noise_type": "nonlinear",
  "avg_return": 2885.3621930475288,
  "std_return": 568.958979714796,
  "normalized_score": 25.497346095704955
}