{
  "env": "ant-medium-v2",
  "method": "raw_noisy",
  "seed": 1,
  "noise_dim": 56,
  "noise_scale": 2.0,
  "noise_type": "nonlinear",
  "avg_return": 1749.865335831209,
  "std_return": 1088.3384059324571,
  "normalized_score": 49.35356183461843
}