{
  "env": "halfcheetah-medium-v2",
  "method": "plain",
  "seed": 2,
  "noise_dim": 40,
  "noise_scale": 1.0,
  "avg_return": 5270.83458485805,
  "std_return": 97.85695260064422,
  "normalized_score": 44.71150644604043
}