{
  "env": "ant-medium-v2",
  "method": "raw_noisy",
  "seed": 3,
  "noise_dim": 56,
  "noise_scale": 2.0,
  "noise_type": "nonlinear",
  "avg_return": 950.9058918877824,
  "std_return": 681.8468590686866,
  "normalized_score": 30.35469269464206
}