{
  "env": "halfcheetah-medium-v2",
  "method": "raw_noisy",
  "seed": 2,
  "noise_dim": 20,
  "noise_scale": 8.0,
  "noise_type": "nonlinear",
  "avg_return": -105.32327326041357,
  "std_return": 112.47252737164624,
  "normalized_score": 1.4084024112865028
}