{
  "env": "halfcheetah-medium-v2",
  "method": "raw_noisy",
  "seed": 3,
  "noise_dim": 17,
  "noise_scale": 2.0,
  "noise_type": "project",
  "avg_return": 4769.196705682982,
  "std_return": 261.40895703254796,
  "normalized_score": 40.67098571674516
}