{
  "env": "halfcheetah-medium-v2",
  "method": "plain",
  "seed": 2,
  "noise_dim": 80,
  "noise_scale": 4.0,
  "noise_type": "nonlinear",
  "avg_return": -7.857184848140089,
  "std_return": 119.12674530216255,
  "normalized_score": 2.193458259303271
}