{
  "env": "halfcheetah-medium-v2",
  "method": "disentangled_l1",
  "seed": 2,
  "noise_dim": 17,
  "noise_scale": 1.0,
  "noise_type": "concat",
  "avg_return": 4533.040210771639,
  "std_return": 931.4947457586769,
  "normalized_score": 38.768826305226746
}