{
  "env": "halfcheetah-medium-v2",
  "method": "plain",
  "seed": 1,
  "noise_dim": 80,
  "noise_scale": 1.0,
  "noise_type": "nonlinear",
  "avg_return": 3288.3527284902075,
  "std_return": 605.896706090231,
  "normalized_score": 28.743296371317374
}