{
  "env": "halfcheetah-medium-v2",
  "method": "disentangled_l1",
  "seed": 2,
  "noise_dim": 40,
  "noise_scale": 8.0,
  "noise_type": "nonlinear",
  "avg_return": -161.19538256154348,
  "std_return": 72.41139802038883,
  "normalized_score": 0.9583717712720149
}