{
  "env": "halfcheetah-medium-v2",
  "method": "raw_noisy",
  "seed": 3,
  "noise_dim": 40,
  "noise_scale": 0.5,
  "noise_type": "nonlinear",
  "avg_return": 4329.8239752559375,
  "std_return": 522.8509366583925,
  "normalized_score": 37.13198936324616
}