{
  "env": "halfcheetah-medium-v2",
  "method": "raw_noisy",
  "seed": 1,
  "noise_dim": 10,
  "noise_scale": 2.0,
  "noise_type": "project",
  "avg_return": 4626.10354240052,
  "std_return": 209.53000654801062,
  "normalized_score": 39.51841946035717
}