{
  "env": "halfcheetah-medium-v2",
  "method": "raw_noisy",
  "seed": 2,
  "noise_dim": 17,
  "noise_scale": 2.0,
  "noise_type": "project",
  "avg_return": 4735.992456195325,
  "std_return": 141.52526175479318,
  "normalized_score": 40.403536897736124
}