{
  "env": "halfcheetah-medium-v2",
  "method": "raw_noisy",
  "seed": 2,
  "noise_dim": 80,
  "noise_scale": 0.5,
  "noise_type": "nonlinear",
  "avg_return": 4528.215533657786,
  "std_return": 232.97872673210327,
  "normalized_score": 38.72996518907113
}