{
  "env": "halfcheetah-medium-v2",
  "method": "disentangled_l1",
  "seed": 1,
  "noise_dim": 20,
  "noise_scale": 2.0,
  "noise_type": "nonlinear",
  "avg_return": 1381.6286399054666,
  "std_return": 569.4929420609534,
  "normalized_score": 13.385289081990301
}