{
  "env": "halfcheetah-medium-v2",
  "method": "raw_noisy",
  "seed": 5,
  "noise_dim": 40,
  "noise_scale": 8.0,
  "noise_type": "nonlinear",
  "avg_return": -123.47278207976517,
  "std_return": 94.77710151620263,
  "normalized_score": 1.262214354810958
}