{
  "env": "halfcheetah-medium-v2",
  "method": "plain",
  "seed": 5,
  "noise_dim": 80,
  "noise_scale": 0.5,
  "noise_type": "nonlinear",
  "avg_return": 4303.862837300418,
  "std_return": 779.9811645527901,
  "normalized_score": 36.922881318538955
}