{
  "env": "halfcheetah-medium-v2",
  "method": "disentangled_l1",
  "seed": 5,
  "noise_dim": 20,
  "noise_scale": 8.0,
  "noise_type": "nonlinear",
  "avg_return": -103.94101452052985,
  "std_return": 77.76470247331349,
  "normalized_score": 1.4195360304241451
}