{
  "env": "halfcheetah-medium-v2",
  "method": "raw_noisy",
  "seed": 5,
  "noise_dim": 10,
  "noise_scale": 4.0,
  "noise_type": "nonlinear",
  "avg_return": 547.8050107053889,
  "std_return": 441.68590624490366,
  "normalized_score": 6.669126291613502
}