{
  "env": "halfcheetah-medium-v2",
  "method": "disentangled_l1",
  "seed": 2,
  "noise_dim": 20,
  "noise_scale": 4.0,
  "noise_type": "nonlinear",
  "avg_return": 101.52989927939551,
  "std_return": 170.30568224220357,
  "normalized_score": 3.074533631165739
}