{
  "env": "halfcheetah-medium-v2",
  "method": "plain",
  "seed": 2,
  "noise_dim": 20,
  "noise_scale": 1.0,
  "noise_type": "nonlinear",
  "avg_return": 3921.2227831378996,
  "std_return": 380.6699180084566,
  "normalized_score": 33.840847176211454
}