{
  "env": "halfcheetah-medium-v2",
  "method": "raw_noisy",
  "seed": 2,
  "noise_dim": 34,
  "noise_scale": 2.0,
  "noise_type": "concat",
  "avg_return": 4736.909724773046,
  "std_return": 178.47609919094353,
  "normalized_score": 40.41092518091104
}