{
  "env": "halfcheetah-medium-v2",
  "method": "plain",
  "seed": 3,
  "noise_dim": 40,
  "noise_scale": 0.5,
  "noise_type": "nonlinear",
  "avg_return": 4561.232683571074,
  "std_return": 219.71047985650824,
  "normalized_score": 38.99590698530524
}