{
  "env": "ant-medium-v2",
  "method": "raw_noisy",
  "seed": 2,
  "noise_dim": 111,
  "noise_scale": 1.5,
  "noise_type": "nonlinear",
  "avg_return": 1488.7736875124924,
  "std_return": 1028.5405555331772,
  "normalized_score": 43.14492872119688
}