{
  "env": "halfcheetah-medium-v2",
  "method": "raw_noisy_riql",
  "seed": 3,
  "noise_dim": 17,
  "noise_scale": 1.0,
  "noise_type": "nonlinear",
  "avg_return": 2720.2379426192233,
  "std_return": 1166.2963474400442,
  "normalized_score": 24.167327003322843
}