{
  "env": "halfcheetah-medium-v2",
  "method": "raw_noisy",
  "seed": 2,
  "noise_dim": 8,
  "noise_scale": 1.5,
  "noise_type": "nonlinear",
  "avg_return": 3125.8576229111613,
  "std_return": 1437.9090350614817,
  "normalized_score": 27.434454137192503
}