{
  "env": "halfcheetah-medium-v2",
  "method": "disentangled_l1",
  "seed": 3,
  "noise_dim": 34,
  "noise_scale": 1.0,
  "noise_type": "project",
  "avg_return": 4088.730802356644,
  "std_return": 1330.6736771989076,
  "normalized_score": 35.19006670702029
}