{
  "env": "hopper-medium-v2",
  "method": "raw_noisy",
  "seed": 3,
  "noise_dim": 8,
  "noise_scale": 2.0,
  "noise_type": "nonlinear",
  "avg_return": 1193.4369689678415,
  "std_return": 317.89522581422756,
  "normalized_score": 37.29243538707742
}