{
  "env": "halfcheetah-medium-v2",
  "method": "disentangled_l1",
  "seed": 2,
  "noise_dim": 40,
  "noise_scale": 0.5,
  "noise_type": "nonlinear",
  "avg_return": 2305.4956820679954,
  "std_return": 1941.5804802862358,
  "normalized_score": 20.826720620432084
}