{
  "env": "halfcheetah-medium-v2",
  "method": "plain",
  "seed": 2,
  "noise_dim": 17,
  "noise_scale": 1.5,
  "noise_type": "nonlinear",
  "avg_return": 3694.891856913505,
  "std_return": 357.5204712502324,
  "normalized_score": 32.01782934391751
}