{
  "env": "halfcheetah-medium-v2",
  "method": "raw_noisy",
  "seed": 2,
  "noise_dim": 34,
  "noise_scale": 2.0,
  "noise_type": "project",
  "avg_return": 4754.387105122774,
  "std_return": 155.36288262952874,
  "normalized_score": 40.55169947354019
}