{
  "env": "halfcheetah-medium-v2",
  "method": "plain",
  "seed": 5,
  "noise_dim": 40,
  "noise_scale": 8.0,
  "noise_type": "nonlinear",
  "avg_return": -121.01282603687102,
  "std_return": 91.63986123575543,
  "normalized_score": 1.2820284553745243
}