{
  "env": "halfcheetah-medium-v2",
  "method": "plain",
  "seed": 2,
  "noise_dim": 5,
  "noise_scale": 8.0,
  "noise_type": "nonlinear",
  "avg_return": 322.3244645946542,
  "std_return": 143.30859048146652,
  "normalized_score": 4.8529579789026345
}