{
  "env": "halfcheetah-medium-v2",
  "method": "disentangled_l1",
  "seed": 5,
  "noise_dim": 40,
  "noise_scale": 8.0,
  "noise_type": "nonlinear",
  "avg_return": -140.52504605031496,
  "std_return": 68.13496791193666,
  "normalized_score": 1.1248642285251884
}