{
  "env": "halfcheetah-medium-v2",
  "method": "raw_noisy",
  "seed": 1,
  "noise_dim": 20,
  "noise_scale": 4.0,
  "noise_type": "nonlinear",
  "avg_return": 104.88205526622127,
  "std_return": 272.26319885464767,
  "normalized_score": 3.1015340956738706
}