{
  "env": "halfcheetah-medium-v2",
  "method": "raw_noisy",
  "seed": 3,
  "noise_dim": 80,
  "noise_scale": 1.0,
  "noise_type": "nonlinear",
  "avg_return": 2574.2480940654336,
  "std_return": 1090.228099728457,
  "normalized_score": 22.991428942517906
}