{
  "env": "halfcheetah-medium-v2",
  "method": "raw_noisy",
  "seed": 2,
  "noise_dim": 80,
  "noise_scale": 4.0,
  "noise_type": "nonlinear",
  "avg_return": 5.440408136961257,
  "std_return": 136.23370893249745,
  "normalized_score": 2.300565801090964
}