{
  "env": "halfcheetah-medium-v2",
  "method": "raw_noisy",
  "seed": 5,
  "noise_dim": 40,
  "noise_scale": 4.0,
  "noise_type": "nonlinear",
  "avg_return": 67.7661431183092,
  "std_return": 179.77910464046732,
  "normalized_score": 2.8025781781762538
}