{
  "env": "halfcheetah-medium-v2",
  "method": "plain",
  "seed": 5,
  "noise_dim": 10,
  "noise_scale": 0.5,
  "noise_type": "nonlinear",
  "avg_return": 4368.562530843548,
  "std_return": 589.6463195563042,
  "normalized_score": 37.44401511603042
}