{
  "env": "halfcheetah-medium-v2",
  "method": "disentangled_dcor",
  "seed": 3,
  "noise_dim": 40,
  "noise_scale": 4.0,
  "noise_type": "nonlinear",
  "avg_return": -0.12173599671898447,
  "std_return": 124.27085015274398,
  "normalized_score": 2.2557646415205963
}