{
  "env": "halfcheetah-medium-v2",
  "method": "raw_noisy",
  "seed": 2,
  "noise_dim": 17,
  "noise_scale": 2.0,
  "noise_type": "concat",
  "avg_return": 4725.463114324283,
  "std_return": 210.24937956534413,
  "normalized_score": 40.31872666736488
}