{
  "env": "halfcheetah-medium-v2",
  "method": "plain",
  "seed": 5,
  "noise_dim": 40,
  "noise_scale": 0.5,
  "noise_type": "nonlinear",
  "avg_return": 4439.107481537869,
  "std_return": 311.34566078611584,
  "normalized_score": 38.01223045115674
}