{
  "env": "halfcheetah-medium-v2",
  "method": "plain",
  "seed": 5,
  "noise_dim": 80,
  "noise_scale": 2.0,
  "noise_type": "nonlinear",
  "avg_return": 528.0697173252241,
  "std_return": 276.86160471145365,
  "normalized_score": 6.510165285454216
}