{
  "env": "halfcheetah-medium-v2",
  "method": "raw_noisy",
  "seed": 1,
  "noise_dim": 34,
  "noise_scale": 1.0,
  "noise_type": "concat",
  "avg_return": 4733.904734551392,
  "std_return": 252.9169106828891,
  "normalized_score": 40.38672101733813
}