{
  "env": "halfcheetah-medium-v2",
  "method": "disentangled_l1",
  "seed": 3,
  "noise_dim": 17,
  "noise_scale": 1.0,
  "noise_type": "nonlinear",
  "avg_return": 3841.5057544652054,
  "std_return": 1108.0594570433968,
  "normalized_score": 33.19875390494667
}