{
  "env": "halfcheetah-medium-v2",
  "method": "raw_noisy",
  "seed": 1,
  "noise_dim": 80,
  "noise_scale": 8.0,
  "noise_type": "nonlinear",
  "avg_return": -107.58445430042862,
  "std_return": 96.41554702468041,
  "normalized_score": 1.3901893750622554
}