{
  "env": "halfcheetah-medium-v2",
  "method": "plain",
  "seed": 5,
  "noise_dim": 20,
  "noise_scale": 8.0,
  "noise_type": "nonlinear",
  "avg_return": -126.79742465587908,
  "std_return": 76.92261302374156,
  "normalized_score": 1.2354355013711489
}