{
  "env": "halfcheetah-medium-v2",
  "method": "plain",
  "seed": 5,
  "noise_dim": 20,
  "noise_scale": 2.0,
  "noise_type": "nonlinear",
  "avg_return": 986.2518095297634,
  "std_return": 627.9883302739817,
  "normalized_score": 10.20066458424865
}