{
  "env": "halfcheetah-medium-v2",
  "method": "plain",
  "seed": 5,
  "noise_dim": 40,
  "noise_scale": 4.0,
  "noise_type": "nonlinear",
  "avg_return": 0.5589494634938902,
  "std_return": 114.69058217710868,
  "normalized_score": 2.2612473289855917
}