{
  "env": "halfcheetah-medium-v2",
  "method": "plain",
  "seed": 1,
  "noise_dim": 80,
  "noise_scale": 4.0,
  "noise_type": "project",
  "avg_return": 4785.414353620067,
  "std_return": 177.38333727916856,
  "normalized_score": 40.80161329769651
}