{
  "env": "halfcheetah-medium-v2",
  "method": "plain",
  "seed": 5,
  "noise_dim": 20,
  "noise_scale": 0.5,
  "noise_type": "nonlinear",
  "avg_return": 4489.412012238278,
  "std_return": 473.58611266178553,
  "normalized_score": 38.417416158836396
}