{
  "env": "halfcheetah-medium-v2",
  "method": "raw_noisy",
  "seed": 3,
  "noise_dim": 80,
  "noise_scale": 8.0,
  "noise_type": "nonlinear",
  "avg_return": -100.22172880526178,
  "std_return": 84.41131174103259,
  "normalized_score": 1.449493598731039
}