{
  "env": "halfcheetah-medium-v2",
  "method": "plain",
  "seed": 1,
  "noise_dim": 20,
  "noise_scale": 4.0,
  "noise_type": "project",
  "avg_return": 4648.5697552175025,
  "std_return": 740.1935922703267,
  "normalized_score": 39.69937708410172
}