{
  "env": "halfcheetah-medium-v2",
  "method": "raw_noisy",
  "seed": 2,
  "noise_dim": 20,
  "noise_scale": 0.5,
  "noise_type": "nonlinear",
  "avg_return": 4446.906034842486,
  "std_return": 404.74240465154253,
  "normalized_score": 38.07504511805877
}