{
  "env": "halfcheetah-medium-v2",
  "method": "raw_noisy",
  "seed": 1,
  "noise_dim": 13,
  "noise_scale": 1.5,
  "noise_type": "nonlinear",
  "avg_return": 2607.264108716302,
  "std_return": 1087.2688722669054,
  "normalized_score": 23.257361594603363
}