{
  "env": "halfcheetah-medium-v2",
  "method": "disentangled_l1",
  "seed": 3,
  "noise_dim": 17,
  "noise_scale": 2.0,
  "noise_type": "project",
  "avg_return": 4514.638886990268,
  "std_return": 675.8225244184506,
  "normalized_score": 38.620609965768146
}