{
  "env": "halfcheetah-medium-v2",
  "method": "plain",
  "seed": 3,
  "noise_dim": 17,
  "noise_scale": 1.5,
  "noise_type": "nonlinear",
  "avg_return": 2666.484085386593,
  "std_return": 659.0679934300423,
  "normalized_score": 23.734358155784474
}