{
  "env": "halfcheetah-medium-v2",
  "method": "plain",
  "seed": 1,
  "noise_dim": 17,
  "noise_scale": 0.5,
  "noise_type": "nonlinear",
  "avg_return": 4294.208622781043,
  "std_return": 1025.4721609480653,
  "normalized_score": 36.845119938248565
}