{
  "env": "halfcheetah-medium-v2",
  "method": "plain",
  "seed": 2,
  "noise_dim": 10,
  "noise_scale": 0.5,
  "noise_type": "nonlinear",
  "avg_return": 4509.453274576697,
  "std_return": 384.19173682808656,
  "normalized_score": 38.57884163980844
}