{
  "env": "halfcheetah-medium-v2",
  "method": "raw_noisy",
  "seed": 1,
  "noise_dim": 80,
  "noise_scale": 2.0,
  "noise_type": "concat",
  "avg_return": 4691.4181440318525,
  "std_return": 266.51595077733106,
  "normalized_score": 40.04450613118643
}