{
  "env": "halfcheetah-medium-v2",
  "method": "raw_noisy",
  "seed": 3,
  "noise_dim": 4,
  "noise_scale": 1.0,
  "noise_type": "nonlinear",
  "avg_return": 3733.9238611549627,
  "std_return": 1015.5670306116763,
  "normalized_score": 32.332218724765106
}