{
  "env": "halfcheetah-medium-v2",
  "method": "plain",
  "seed": 5,
  "noise_dim": 5,
  "noise_scale": 1.0,
  "noise_type": "nonlinear",
  "avg_return": 4629.1682485839565,
  "std_return": 240.73382205581362,
  "normalized_score": 39.54310461548089
}