{
  "env": "halfcheetah-medium-v2",
  "method": "raw_noisy",
  "seed": 2,
  "noise_dim": 20,
  "noise_scale": 2.0,
  "avg_return": 5346.521067472351,
  "std_return": 102.50866546660481,
  "normalized_score": 45.321135053898814
}