{
  "env": "halfcheetah-medium-v2",
  "method": "disentangled_l1",
  "seed": 2,
  "noise_dim": 34,
  "noise_scale": 1.0,
  "noise_type": "concat",
  "avg_return": 4259.992663003493,
  "std_return": 1038.1438609410338,
  "normalized_score": 36.56952214052788
}