{
  "env": "halfcheetah-medium-v2",
  "method": "raw_noisy",
  "seed": 3,
  "noise_dim": 5,
  "noise_scale": 2.0,
  "noise_type": "nonlinear",
  "avg_return": 3444.8472219555006,
  "std_return": 1143.4556967024118,
  "normalized_score": 30.003805736971568
}