{
  "env": "halfcheetah-medium-v2",
  "method": "plain",
  "seed": 1,
  "noise_dim": 5,
  "noise_scale": 1.0,
  "noise_type": "nonlinear",
  "avg_return": 4305.341574651181,
  "std_return": 750.3321375229709,
  "normalized_score": 36.934792039732436
}