{
  "env": "halfcheetah-medium-v2",
  "method": "plain",
  "seed": 3,
  "noise_dim": 5,
  "noise_scale": 0.5,
  "noise_type": "nonlinear",
  "avg_return": 4616.276413982314,
  "std_return": 245.17818121355197,
  "normalized_score": 39.43926531803342
}