{
  "env": "halfcheetah-medium-v2",
  "method": "plain",
  "seed": 1,
  "noise_dim": 10,
  "noise_scale": 1.0,
  "noise_type": "nonlinear",
  "avg_return": 4239.868846853723,
  "std_return": 466.61230977613616,
  "normalized_score": 36.40743171697496
}