{
  "env": "halfcheetah-medium-v2",
  "method": "plain",
  "seed": 1,
  "noise_dim": 40,
  "noise_scale": 1.0,
  "noise_type": "concat",
  "avg_return": 4591.4108683150425,
  "std_return": 885.7509371564611,
  "normalized_score": 39.23898189270862
}