{
  "env": "hopper-medium-v2",
  "method": "raw_noisy",
  "seed": 2,
  "noise_dim": 4,
  "noise_scale": 1.0,
  "noise_type": "nonlinear",
  "avg_return": 1329.8549419942633,
  "std_return": 280.9273141008089,
  "normalized_score": 41.48401450230688
}