{
  "env": "halfcheetah-medium-v2",
  "method": "plain",
  "seed": 1,
  "noise_dim": 34,
  "noise_scale": 2.0,
  "noise_type": "project",
  "avg_return": 4697.11613747878,
  "std_return": 200.68550775428946,
  "normalized_score": 40.09040151029049
}