{
  "env": "ant-medium-v2",
  "method": "raw_noisy",
  "seed": 2,
  "noise_dim": 111,
  "noise_scale": 2.0,
  "noise_type": "nonlinear",
  "avg_return": 1192.8610699671776,
  "std_return": 696.3743411157558,
  "normalized_score": 36.10826980161171
}