{
  "env": "halfcheetah-medium-v2",
  "method": "raw_noisy",
  "seed": 1,
  "noise_dim": 40,
  "noise_scale": 8.0,
  "noise_type": "nonlinear",
  "avg_return": -99.52392557402064,
  "std_return": 91.77145393860953,
  "normalized_score": 1.4551141639591583
}