{
  "env": "halfcheetah-medium-v2",
  "method": "disentangled_cov",
  "seed": 1,
  "noise_dim": 40,
  "noise_scale": 4.0,
  "noise_type": "nonlinear",
  "avg_return": 1.4223076831485961,
  "std_return": 121.88315653744569,
  "normalized_score": 2.2682013827525416
}