{
  "env": "halfcheetah-medium-v2",
  "method": "raw_noisy",
  "seed": 3,
  "noise_dim": 13,
  "noise_scale": 1.0,
  "noise_type": "nonlinear",
  "avg_return": 3907.9965179067854,
  "std_return": 1038.1715455385295,
  "normalized_score": 33.7343141549704
}