{
  "env": "halfcheetah-medium-v2",
  "method": "plain",
  "seed": 1,
  "noise_dim": 40,
  "noise_scale": 0.5,
  "noise_type": "nonlinear",
  "avg_return": 4161.370736689426,
  "std_return": 865.7910901012096,
  "normalized_score": 35.77515641541494
}