{
  "env": "halfcheetah-medium-v2",
  "method": "disentangled_l1",
  "seed": 5,
  "noise_dim": 20,
  "noise_scale": 4.0,
  "noise_type": "nonlinear",
  "avg_return": -22.208878490129365,
  "std_return": 138.90845601861847,
  "normalized_score": 2.077860298965202
}