{
  "env": "hopper-medium-v2",
  "method": "raw_noisy",
  "seed": 2,
  "noise_dim": 3,
  "noise_scale": 1.5,
  "noise_type": "nonlinear",
  "avg_return": 1451.84754815756,
  "std_return": 344.40185467282055,
  "normalized_score": 45.23235974496378
}