{
  "env": "halfcheetah-medium-v2",
  "method": "raw_noisy",
  "seed": 5,
  "noise_dim": 80,
  "noise_scale": 8.0,
  "noise_type": "nonlinear",
  "avg_return": -113.03698385389475,
  "std_return": 103.58998096745658,
  "normalized_score": 1.3462711232665485
}