{
  "env": "halfcheetah-medium-v2",
  "method": "raw_noisy",
  "seed": 5,
  "noise_dim": 20,
  "noise_scale": 4.0,
  "noise_type": "nonlinear",
  "avg_return": 179.6087467507461,
  "std_return": 250.72550789439808,
  "normalized_score": 3.703431915813369
}