{
  "env": "halfcheetah-medium-v2",
  "method": "disentangled_l1",
  "seed": 2,
  "noise_dim": 10,
  "noise_scale": 2.0,
  "noise_type": "nonlinear",
  "avg_return": 3485.9528864512736,
  "std_return": 948.1737163734758,
  "normalized_score": 30.334897738555966
}