{
  "env": "halfcheetah-medium-v2",
  "method": "disentangled_cov",
  "seed": 1,
  "noise_dim": 17,
  "noise_scale": 1.0,
  "noise_type": "concat",
  "avg_return": 4763.386055457782,
  "std_return": 185.63814043758939,
  "normalized_score": 40.624182926006526
}