{
  "env": "ant-medium-v2",
  "method": "raw_noisy",
  "seed": 1,
  "noise_dim": 83,
  "noise_scale": 1.5,
  "noise_type": "nonlinear",
  "avg_return": 1745.1062651136065,
  "std_return": 1287.4309178130843,
  "normalized_score": 49.2403934347991
}