{
  "env": "halfcheetah-medium-v2",
  "method": "plain",
  "seed": 5,
  "noise_dim": 80,
  "noise_scale": 8.0,
  "noise_type": "nonlinear",
  "avg_return": -97.97163774480586,
  "std_return": 79.56378670176333,
  "normalized_score": 1.4676173089810003
}