{
  "env": "halfcheetah-medium-v2",
  "method": "raw_noisy",
  "seed": 1,
  "noise_dim": 17,
  "noise_scale": 1.5,
  "noise_type": "nonlinear",
  "avg_return": 2659.361220410759,
  "std_return": 1106.5326935489834,
  "normalized_score": 23.67698592617104
}