{
  "env": "halfcheetah-medium-v2",
  "method": "disentangled_l1",
  "seed": 1,
  "noise_dim": 13,
  "noise_scale": 1.0,
  "noise_type": "nonlinear",
  "avg_return": 3949.9892232614975,
  "std_return": 1032.0392149355184,
  "normalized_score": 34.072550965842666
}