{
  "env": "halfcheetah-medium-v2",
  "method": "plain",
  "seed": 3,
  "noise_dim": 10,
  "noise_scale": 2.0,
  "noise_type": "nonlinear",
  "avg_return": 2941.418103107594,
  "std_return": 677.3768345434639,
  "normalized_score": 25.94885718766968
}