{
  "env": "hopper-medium-v2",
  "method": "raw_noisy",
  "seed": 1,
  "noise_dim": 4,
  "noise_scale": 2.0,
  "noise_type": "nonlinear",
  "avg_return": 1291.2794101522768,
  "std_return": 293.80761727390484,
  "normalized_score": 40.29874257632377
}