{
  "env": "halfcheetah-medium-v2",
  "method": "plain",
  "seed": 2,
  "noise_dim": 34,
  "noise_scale": 2.0,
  "noise_type": "concat",
  "avg_return": 4816.232026847591,
  "std_return": 253.38893888717303,
  "normalized_score": 41.04983906507522
}