{
  "env": "halfcheetah-medium-v2",
  "method": "raw_noisy",
  "seed": 3,
  "noise_dim": 40,
  "noise_scale": 2.0,
  "noise_type": "nonlinear",
  "avg_return": 665.5735677529369,
  "std_return": 338.6873813131392,
  "normalized_score": 7.6177115475601385
}