{
  "env": "halfcheetah-medium-v2",
  "method": "disentangled_l1",
  "seed": 2,
  "noise_dim": 20,
  "noise_scale": 2.0,
  "noise_type": "nonlinear",
  "avg_return": 1327.6892203803643,
  "std_return": 714.4762909508481,
  "normalized_score": 12.950825593954402
}