{
  "env": "halfcheetah-medium-v2",
  "method": "disentangled_l1",
  "seed": 5,
  "noise_dim": 80,
  "noise_scale": 2.0,
  "noise_type": "nonlinear",
  "avg_return": -70.77674515075816,
  "std_return": 371.76202713665145,
  "normalized_score": 1.6866628233227514
}