{
  "env": "halfcheetah-medium-v2",
  "method": "plain",
  "seed": 2,
  "noise_dim": 34,
  "noise_scale": 1.0,
  "noise_type": "concat",
  "avg_return": 4867.291758421068,
  "std_return": 136.01922924062387,
  "normalized_score": 41.46110765626326
}