{
  "env": "halfcheetah-medium-v2",
  "method": "disentangled_l1",
  "seed": 3,
  "noise_dim": 80,
  "noise_scale": 2.0,
  "noise_type": "nonlinear",
  "avg_return": -128.30846566714837,
  "std_return": 365.0770864758164,
  "normalized_score": 1.2232645852934214
}