{
  "env": "halfcheetah-medium-v2",
  "method": "raw_noisy",
  "seed": 3,
  "noise_dim": 10,
  "noise_scale": 2.0,
  "noise_type": "nonlinear",
  "avg_return": 1878.584376869537,
  "std_return": 1147.9403553903323,
  "normalized_score": 17.388096764790443
}