{
  "env": "ant-medium-v2",
  "method": "raw_noisy",
  "seed": 2,
  "noise_dim": 83,
  "noise_scale": 2.0,
  "noise_type": "nonlinear",
  "avg_return": 1262.985785490006,
  "std_return": 753.5048045977642,
  "normalized_score": 37.77580161914741
}