{
  "env": "halfcheetah-medium-v2",
  "method": "disentangled_l1",
  "seed": 3,
  "noise_dim": 20,
  "noise_scale": 0.5,
  "noise_type": "nonlinear",
  "avg_return": 4404.515508419573,
  "std_return": 374.69418911551367,
  "normalized_score": 37.733603995193036
}