{
  "env": "halfcheetah-medium-v2",
  "method": "disentangled_l1",
  "seed": 3,
  "noise_dim": 17,
  "noise_scale": 2.0,
  "noise_type": "nonlinear",
  "avg_return": 1475.5954941293026,
  "std_return": 730.1280855950197,
  "normalized_score": 14.142159801128262
}