{
  "env": "halfcheetah-medium-v2",
  "method": "plain",
  "seed": 3,
  "noise_dim": 17,
  "noise_scale": 1.0,
  "noise_type": "nonlinear",
  "avg_return": 3860.3352507400296,
  "std_return": 590.5857915495551,
  "normalized_score": 33.350419026698894
}