{
  "env": "halfcheetah-medium-v2",
  "method": "disentangled_l1",
  "seed": 2,
  "noise_dim": 40,
  "noise_scale": 1.0,
  "noise_type": "nonlinear",
  "avg_return": 1018.8721245930279,
  "std_return": 1310.9711441106879,
  "normalized_score": 10.463410012137809
}