{
  "env": "halfcheetah-medium-v2",
  "method": "plain",
  "seed": 3,
  "noise_dim": 17,
  "noise_scale": 2.0,
  "noise_type": "concat",
  "avg_return": 4775.2008112262065,
  "std_return": 139.2327403618156,
  "normalized_score": 40.719346723589716
}