{
  "env": "halfcheetah-medium-v2",
  "method": "raw_noisy",
  "seed": 2,
  "noise_dim": 20,
  "noise_scale": 1.0,
  "eval_episodes": 20,
  "avg_return": 5253.948241628922,
  "std_return": 83.39690113062215,
  "normalized_score": 44.57549275430828
}