{
  "env": "halfcheetah-medium-v2",
  "method": "plain",
  "seed": 1,
  "noise_dim": 20,
  "noise_scale": 0.5,
  "noise_type": "nonlinear",
  "avg_return": 4330.0801279130355,
  "std_return": 922.3040320079715,
  "normalized_score": 37.134052584872435
}