{
  "env": "halfcheetah-medium-v2",
  "method": "plain",
  "seed": 1,
  "noise_dim": 5,
  "noise_scale": 8.0,
  "noise_type": "nonlinear",
  "avg_return": 102.76879573755404,
  "std_return": 269.9341064977793,
  "normalized_score": 3.0845125163904195
}