{
  "env": "halfcheetah-medium-v2",
  "method": "plain",
  "seed": 2,
  "noise_dim": 40,
  "noise_scale": 8.0,
  "noise_type": "nonlinear",
  "avg_return": -144.46782647711387,
  "std_return": 102.5310315134783,
  "normalized_score": 1.0931064871206944
}