{
  "env": "halfcheetah-medium-v2",
  "method": "plain",
  "seed": 3,
  "noise_dim": 80,
  "noise_scale": 1.0,
  "noise_type": "nonlinear",
  "avg_return": 2983.902194639823,
  "std_return": 786.8321424673917,
  "normalized_score": 26.291051945337372
}