{
  "env": "halfcheetah-medium-v2",
  "method": "raw_noisy",
  "seed": 1,
  "noise_dim": 34,
  "noise_scale": 2.0,
  "noise_type": "project",
  "avg_return": 4732.949668457258,
  "std_return": 269.4200817108135,
  "normalized_score": 40.379028288157585
}