{
  "env": "halfcheetah-medium-v2",
  "method": "raw_noisy",
  "seed": 5,
  "noise_dim": 80,
  "noise_scale": 1.0,
  "noise_type": "nonlinear",
  "avg_return": 3044.1023477160857,
  "std_return": 743.6980476672293,
  "normalized_score": 26.775943490631743
}