{
  "env": "halfcheetah-medium-v2",
  "method": "plain",
  "seed": 1,
  "noise_dim": 80,
  "noise_scale": 2.0,
  "noise_type": "concat",
  "avg_return": 4747.7191744728825,
  "std_return": 144.29773807034022,
  "normalized_score": 40.4979915835844
}