{
  "env": "halfcheetah-medium-v2",
  "method": "raw_noisy",
  "seed": 3,
  "noise_dim": 34,
  "noise_scale": 1.0,
  "noise_type": "project",
  "avg_return": 4641.8451380747665,
  "std_return": 579.7367384507846,
  "normalized_score": 39.64521260392634
}