{
  "env": "hopper-medium-v2",
  "method": "raw_noisy",
  "seed": 1,
  "noise_dim": 8,
  "noise_scale": 2.0,
  "noise_type": "nonlinear",
  "avg_return": 1137.1025440425167,
  "std_return": 371.1169586659805,
  "normalized_score": 35.561503650247424
}