{
  "env": "halfcheetah-medium-v2",
  "method": "raw_noisy",
  "seed": 1,
  "noise_dim": 20,
  "noise_scale": 1.0,
  "noise_type": "concat",
  "avg_return": 4716.19103916897,
  "std_return": 203.79083193324846,
  "normalized_score": 40.24404328833011
}