{
  "env": "halfcheetah-medium-v2",
  "method": "plain",
  "seed": 1,
  "noise_dim": 80,
  "noise_scale": 1.0,
  "noise_type": "concat",
  "avg_return": 4759.157085956182,
  "std_return": 142.29691088144259,
  "normalized_score": 40.590120029953155
}