{
  "env": "halfcheetah-medium-v2",
  "method": "raw_noisy",
  "seed": 1,
  "noise_dim": 10,
  "noise_scale": 8.0,
  "noise_type": "nonlinear",
  "avg_return": -16.077439651688636,
  "std_return": 134.20807986683346,
  "normalized_score": 2.127246931744741
}