{
  "env": "halfcheetah-medium-v2",
  "method": "plain",
  "seed": 2,
  "noise_dim": 17,
  "noise_scale": 2.0,
  "noise_type": "concat",
  "avg_return": 4779.338213147583,
  "std_return": 171.49130664106454,
  "normalized_score": 40.752672074251514
}