{
  "env": "halfcheetah-medium-v2",
  "method": "true_only",
  "seed": 1,
  "noise_dim": 5,
  "noise_scale": 2.0,
  "noise_type": "nonlinear",
  "avg_return": 4775.791630064219,
  "std_return": 208.02140590363672,
  "normalized_score": 40.724105566295485
}