{
  "env": "halfcheetah-medium-v2",
  "method": "plain",
  "seed": 1,
  "noise_dim": 20,
  "noise_scale": 2.0,
  "noise_type": "project",
  "avg_return": 4799.230361148972,
  "std_return": 90.19271098859139,
  "normalized_score": 40.9128964904818
}