{
  "env": "halfcheetah-medium-v2",
  "method": "disentangled_l1",
  "seed": 1,
  "noise_dim": 17,
  "noise_scale": 2.0,
  "noise_type": "project",
  "avg_return": 4537.053747222886,
  "std_return": 413.54761996724466,
  "normalized_score": 38.80115396209292
}