{
  "env": "halfcheetah-medium-v2",
  "method": "plain",
  "seed": 1,
  "noise_dim": 80,
  "noise_scale": 0.5,
  "noise_type": "nonlinear",
  "avg_return": 4526.603229374053,
  "std_return": 244.8300732835788,
  "normalized_score": 38.71697863213275
}