{
  "env": "halfcheetah-medium-v2",
  "method": "raw_noisy",
  "seed": 3,
  "noise_dim": 5,
  "noise_scale": 4.0,
  "noise_type": "nonlinear",
  "avg_return": 1308.5356279410462,
  "std_return": 872.6853567687886,
  "normalized_score": 12.796549988972568
}