{
  "env": "hopper-medium-v2",
  "method": "raw_noisy",
  "seed": 3,
  "noise_dim": 8,
  "noise_scale": 1.5,
  "noise_type": "nonlinear",
  "avg_return": 1450.0125335181576,
  "std_return": 339.8508672794334,
  "normalized_score": 45.17597707875037
}