{
  "env": "halfcheetah-medium-v2",
  "method": "raw_noisy",
  "seed": 3,
  "noise_dim": 17,
  "noise_scale": 1.0,
  "noise_type": "concat",
  "avg_return": 4669.840979300262,
  "std_return": 515.1321680410911,
  "normalized_score": 39.87070948424904
}