{
  "env": "halfcheetah-medium-v2",
  "method": "disentangled_cov",
  "seed": 3,
  "noise_dim": 13,
  "noise_scale": 1.5,
  "noise_type": "nonlinear",
  "avg_return": 4055.6344867951275,
  "std_return": 467.94985888719634,
  "normalized_score": 34.923487258694905
}