{
  "env": "halfcheetah-medium-v2",
  "method": "plain",
  "seed": 5,
  "noise_dim": 10,
  "noise_scale": 8.0,
  "noise_type": "nonlinear",
  "avg_return": -70.80634636542723,
  "std_return": 117.02691183276102,
  "normalized_score": 1.686424395711026
}