{
  "env": "halfcheetah-medium-v2",
  "method": "plain",
  "seed": 2,
  "noise_dim": 20,
  "noise_scale": 2.0,
  "noise_type": "nonlinear",
  "avg_return": 1588.1484603228728,
  "std_return": 603.6695379993026,
  "normalized_score": 15.048735265079774
}