{
  "env": "halfcheetah-medium-v2",
  "method": "plain",
  "seed": 1,
  "noise_dim": 40,
  "noise_scale": 2.0,
  "noise_type": "concat",
  "avg_return": 4689.358488503176,
  "std_return": 209.08954652671747,
  "normalized_score": 40.02791631370193
}