{
  "env": "halfcheetah-medium-v2",
  "method": "plain",
  "seed": 3,
  "noise_dim": 34,
  "noise_scale": 2.0,
  "noise_type": "concat",
  "avg_return": 4728.185392886899,
  "std_return": 317.32961166545476,
  "normalized_score": 40.34065368567787
}