{
  "env": "halfcheetah-medium-v2",
  "method": "plain",
  "seed": 1,
  "noise_dim": 17,
  "noise_scale": 2.0,
  "noise_type": "project",
  "avg_return": 4707.743450199828,
  "std_return": 189.61427917736293,
  "normalized_score": 40.17600086219093
}