{
  "env": "halfcheetah-medium-v2",
  "method": "raw_noisy_riql",
  "seed": 2,
  "noise_dim": 17,
  "noise_scale": 1.0,
  "noise_type": "nonlinear",
  "avg_return": 3521.9200755980646,
  "std_return": 1316.8941961407513,
  "normalized_score": 30.624601087037306
}