{
  "env": "halfcheetah-medium-v2",
  "method": "plain",
  "seed": 1,
  "noise_dim": 17,
  "noise_scale": 1.0,
  "noise_type": "nonlinear",
  "avg_return": 3971.9078728537015,
  "std_return": 822.9478923805766,
  "normalized_score": 34.249098155981294
}