{
  "env": "halfcheetah-medium-v2",
  "method": "raw_noisy",
  "seed": 2,
  "noise_dim": 20,
  "noise_scale": 2.0,
  "noise_type": "nonlinear",
  "avg_return": 1109.2135099916536,
  "std_return": 472.1900311507297,
  "normalized_score": 11.191078825778192
}