{
  "env": "halfcheetah-medium-v2",
  "method": "plain",
  "seed": 1,
  "noise_dim": 80,
  "noise_scale": 4.0,
  "noise_type": "concat",
  "avg_return": 4685.8459669013755,
  "std_return": 207.05629904275162,
  "normalized_score": 39.999624159274696
}