{
  "env": "halfcheetah-medium-v2",
  "method": "disentangled_l1",
  "seed": 3,
  "noise_dim": 80,
  "noise_scale": 0.5,
  "noise_type": "nonlinear",
  "avg_return": 2644.489534146656,
  "std_return": 1640.3765095265646,
  "normalized_score": 23.557199603956896
}