{
  "env": "halfcheetah-medium-v2",
  "method": "disentangled_l1",
  "seed": 5,
  "noise_dim": 40,
  "noise_scale": 1.0,
  "noise_type": "nonlinear",
  "avg_return": 1151.9645271702386,
  "std_return": 1121.196455943261,
  "normalized_score": 11.535423577798495
}