{
  "env": "halfcheetah-medium-v2",
  "method": "plain",
  "seed": 3,
  "noise_dim": 17,
  "noise_scale": 2.0,
  "noise_type": "project",
  "avg_return": 4794.947418343798,
  "std_return": 154.96944290936585,
  "normalized_score": 40.87839885801602
}