{
  "env": "ant-medium-v2",
  "method": "raw_noisy",
  "seed": 1,
  "noise_dim": 111,
  "noise_scale": 2.0,
  "noise_type": "nonlinear",
  "avg_return": 1131.514513986374,
  "std_return": 658.6598733255047,
  "normalized_score": 34.64947837220588
}