{
  "env": "halfcheetah-medium-v2",
  "method": "raw_noisy",
  "seed": 2,
  "noise_dim": 40,
  "noise_scale": 8.0,
  "noise_type": "nonlinear",
  "avg_return": -123.37299125977202,
  "std_return": 67.43612557751469,
  "normalized_score": 1.2630181355729666
}