{
  "env": "halfcheetah-medium-v2",
  "method": "plain",
  "seed": 2,
  "noise_dim": 20,
  "noise_scale": 8.0,
  "noise_type": "nonlinear",
  "avg_return": -104.57850844128254,
  "std_return": 70.14763114815203,
  "normalized_score": 1.414401235966763
}