{
  "env": "halfcheetah-medium-v2",
  "method": "raw_noisy",
  "seed": 1,
  "noise_dim": 20,
  "noise_scale": 1.0,
  "noise_type": "project",
  "avg_return": 4709.593836086786,
  "std_return": 167.268368434085,
  "normalized_score": 40.190905084626735
}