{
  "env": "halfcheetah-medium-v2",
  "method": "disentangled_l1",
  "seed": 3,
  "noise_dim": 80,
  "noise_scale": 8.0,
  "noise_type": "nonlinear",
  "avg_return": -178.53921478882432,
  "std_return": 84.35524097681498,
  "normalized_score": 0.8186731628754771
}