{
  "env": "halfcheetah-medium-v2",
  "method": "plain",
  "seed": 1,
  "noise_dim": 20,
  "noise_scale": 4.0,
  "noise_type": "concat",
  "avg_return": 4794.121537577491,
  "std_return": 151.90975735011494,
  "normalized_score": 40.871746672256684
}