{
  "env": "halfcheetah-medium-v2",
  "method": "plain",
  "seed": 1,
  "noise_dim": 17,
  "noise_scale": 1.5,
  "noise_type": "nonlinear",
  "avg_return": 2808.5585620003403,
  "std_return": 1038.0408848055056,
  "normalized_score": 24.878719241126838
}