{
  "env": "hopper-medium-v2",
  "method": "raw_noisy",
  "seed": 3,
  "noise_dim": 8,
  "noise_scale": 1.0,
  "noise_type": "nonlinear",
  "avg_return": 1346.9146492980865,
  "std_return": 362.92771664490175,
  "normalized_score": 42.00819112845263
}