{
  "env": "halfcheetah-medium-v2",
  "method": "plain",
  "seed": 3,
  "noise_dim": 8,
  "noise_scale": 1.5,
  "noise_type": "nonlinear",
  "avg_return": 3767.410220021935,
  "std_return": 1189.7603032075915,
  "normalized_score": 32.601939837877865
}