{
  "env": "halfcheetah-medium-v2",
  "method": "plain",
  "seed": 2,
  "noise_dim": 13,
  "noise_scale": 2.0,
  "noise_type": "nonlinear",
  "avg_return": 2164.8013776721273,
  "std_return": 966.4945458570927,
  "normalized_score": 19.69347634800965
}