{
  "env": "hopper-medium-v2",
  "method": "raw_noisy",
  "seed": 3,
  "noise_dim": 2,
  "noise_scale": 1.0,
  "noise_type": "nonlinear",
  "avg_return": 1478.469283524737,
  "std_return": 311.03734502909333,
  "normalized_score": 46.05033927875008
}