{
  "env": "halfcheetah-medium-v2",
  "method": "disentangled_l1",
  "seed": 3,
  "noise_dim": 34,
  "noise_scale": 2.0,
  "noise_type": "project",
  "avg_return": 4123.899376655549,
  "std_return": 1385.4138772035915,
  "normalized_score": 35.47333748734526
}