{
  "env": "ant-medium-v2",
  "method": "raw_noisy",
  "seed": 2,
  "noise_dim": 56,
  "noise_scale": 1.5,
  "noise_type": "nonlinear",
  "avg_return": 1679.5312506189134,
  "std_return": 1349.7503111852516,
  "normalized_score": 47.68105130713417
}