{
  "env": "halfcheetah-medium-v2",
  "method": "raw_noisy",
  "seed": 1,
  "noise_dim": 17,
  "noise_scale": 1.0,
  "noise_type": "nonlinear",
  "avg_return": 3854.7665461470474,
  "std_return": 417.2409191158509,
  "normalized_score": 33.30556502488336
}