{
  "env": "halfcheetah-medium-v2",
  "method": "raw_noisy",
  "seed": 2,
  "noise_dim": 13,
  "noise_scale": 2.0,
  "noise_type": "nonlinear",
  "avg_return": 1782.7503266292508,
  "std_return": 772.3058378515635,
  "normalized_score": 16.616186423400407
}