{
  "env": "halfcheetah-medium-v2",
  "method": "raw_noisy",
  "seed": 2,
  "noise_dim": 10,
  "noise_scale": 1.0,
  "noise_type": "nonlinear",
  "avg_return": 3915.296092142368,
  "std_return": 1001.8441771456717,
  "normalized_score": 33.79310971694511
}