{
  "env": "halfcheetah-medium-v2",
  "method": "raw_noisy",
  "seed": 3,
  "noise_dim": 40,
  "noise_scale": 1.0,
  "noise_type": "nonlinear",
  "avg_return": 2641.7087244583804,
  "std_return": 1048.1807621948162,
  "normalized_score": 23.534801137540885
}